{
  "type": "FeatureCollection",
  "features": [
    {
      "type": "Feature",
      "properties": {
        "Name": "Vanivilasa Sagar Dam"
      },
      "geometry": {
        "coordinates": [
          [
            [
              76.48907516892615,
              13.889721773550875
            ],
            [
              76.48735757973685,
              13.88987505782103
            ],
            [
              76.48588615341583,
              13.892070551464514
            ],
            [
              76.48566816433203,
              13.891620873737338
            ],
            [
              76.48577715887399,
              13.88863181725489
            ],
            [
              76.48512319161983,
              13.888896337082741
            ],
            [
              76.48452372163803,
              13.888208584902017
            ],
            [
              76.48283430623331,
              13.887705995479152
            ],
            [
              76.48067928752499,
              13.888553085625418
            ],
            [
              76.47915336393436,
              13.890484074081982
            ],
            [
              76.47920786120534,
              13.891118916087478
            ],
            [
              76.4778181807921,
              13.891991821003543
            ],
            [
              76.47757294307155,
              13.893658266709949
            ],
            [
              76.47614017769337,
              13.894122306632667
            ],
            [
              76.47480499455105,
              13.896370662255634
            ],
            [
              76.47494123772844,
              13.897402253412835
            ],
            [
              76.47436901638218,
              13.898037076456163
            ],
            [
              76.47475049728013,
              13.899068660189641
            ],
            [
              76.47417827593381,
              13.899835732294292
            ],
            [
              76.47442351365311,
              13.900258943401965
            ],
            [
              76.47218912553751,
              13.901422769959296
            ],
            [
              76.47182564129713,
              13.902186200768057
            ],
            [
              76.47108992813656,
              13.903905473623254
            ],
            [
              76.47152590630554,
              13.904698979864776
            ],
            [
              76.46994548544404,
              13.905122182081044
            ],
            [
              76.46847405912297,
              13.907608479472685
            ],
            [
              76.46795633504763,
              13.907925877216556
            ],
            [
              76.4660104076575,
              13.907928420614496
            ],
            [
              76.46290406320401,
              13.911631362083725
            ],
            [
              76.46301305774585,
              13.912636435969503
            ],
            [
              76.4620593555016,
              13.914461427386527
            ],
            [
              76.4624408363996,
              13.915440040041062
            ],
            [
              76.46135089097652,
              13.916233506720062
            ],
            [
              76.46102390726719,
              13.91287447912994
            ],
            [
              76.46072417227691,
              13.912319044672813
            ],
            [
              76.45919824868497,
              13.914408529271938
            ],
            [
              76.45868052460963,
              13.913985344042104
            ],
            [
              76.45889851369333,
              13.911842956934109
            ],
            [
              76.45957973603453,
              13.910176642841876
            ],
            [
              76.45917100650104,
              13.90882771254472
            ],
            [
              76.45671862930033,
              13.908854162233908
            ],
            [
              76.45633714840233,
              13.908430966842758
            ],
            [
              76.4567731265713,
              13.907690373045398
            ],
            [
              76.45759058563817,
              13.907637473397898
            ],
            [
              76.45772682881557,
              13.90642077816429
            ],
            [
              76.46047894544614,
              13.903405461776345
            ],
            [
              76.46056069135261,
              13.900972020416688
            ],
            [
              76.45933450275226,
              13.90020495207743
            ],
            [
              76.45750884417009,
              13.900733964997144
            ],
            [
              76.45729085508628,
              13.901686185207254
            ],
            [
              76.45641889874844,
              13.901289427262412
            ],
            [
              76.4560374178505,
              13.901527482110808
            ],
            [
              76.45459324016491,
              13.902453248639148
            ],
            [
              76.45388477564131,
              13.902611951100255
            ],
            [
              76.45265858704084,
              13.903326110831415
            ],
            [
              76.45233160341377,
              13.902691302290677
            ],
            [
              76.4527675815828,
              13.901210075592118
            ],
            [
              76.45380302973479,
              13.900046247965534
            ],
            [
              76.45403432664506,
              13.898889163625256
            ],
            [
              76.45362559711151,
              13.898280793815488
            ],
            [
              76.45534226115183,
              13.896984696282331
            ],
            [
              76.4566501956586,
              13.8943131254196
            ],
            [
              76.45656844975213,
              13.893784097831457
            ],
            [
              76.45681368747279,
              13.89267313596224
            ],
            [
              76.4556147477225,
              13.891165394203085
            ],
            [
              76.45648670406035,
              13.890900876965034
            ],
            [
              76.45667744451009,
              13.890107323440944
            ],
            [
              76.45738590733004,
              13.888599561312688
            ],
            [
              76.45850310138712,
              13.887938260329562
            ],
            [
              76.46051950041897,
              13.887753095716022
            ],
            [
              76.46139145675681,
              13.886800818223605
            ],
            [
              76.4618274349258,
              13.88759438307224
            ],
            [
              76.46321711533898,
              13.886985983598052
            ],
            [
              76.4646487278157,
              13.885417135188732
            ],
            [
              76.46380402011323,
              13.8843854906643
            ],
            [
              76.46257783151282,
              13.884359038180307
            ],
            [
              76.46184211835373,
              13.883168673272081
            ],
            [
              76.46042518930363,
              13.883618367400118
            ],
            [
              76.45961242442081,
              13.882470429924581
            ],
            [
              76.46092036201651,
              13.876039906480997
            ],
            [
              76.46029364339932,
              13.87585473236409
            ],
            [
              76.4600756543141,
              13.87556374416782
            ],
            [
              76.46015740022051,
              13.87466432379793
            ],
            [
              76.45664317186424,
              13.876145739460341
            ],
            [
              76.45664317186424,
              13.874823064557049
            ],
            [
              76.45503550236583,
              13.874055909657343
            ],
            [
              76.45588021006824,
              13.87090790264378
            ],
            [
              76.454872010553,
              13.86984973943413
            ],
            [
              76.45315534651274,
              13.871675067953404
            ],
            [
              76.45198365518331,
              13.870802086540294
            ],
            [
              76.45211993466046,
              13.869161911131528
            ],
            [
              76.45146596740784,
              13.869558724076967
            ],
            [
              76.45015803290096,
              13.869029639998729
            ],
            [
              76.45045776789118,
              13.870775612878163
            ],
            [
              76.45122072968712,
              13.871357600918486
            ],
            [
              76.4514387187723,
              13.873923621686785
            ],
            [
              76.45064850834086,
              13.874002982701086
            ],
            [
              76.45040327062026,
              13.873421001296819
            ],
            [
              76.44871385521543,
              13.87323582508995
            ],
            [
              76.448305125682,
              13.873500362483782
            ],
            [
              76.44797814205634,
              13.875272755241838
            ],
            [
              76.44653974065466,
              13.87601096989664
            ],
            [
              76.44637624884177,
              13.878471126582582
            ],
            [
              76.44588577340193,
              13.878629845472759
            ],
            [
              76.44498656842859,
              13.878180141669077
            ],
            [
              76.44460508753059,
              13.87873565800605
            ],
            [
              76.443542390743,
              13.877360091311132
            ],
            [
              76.44397836891198,
              13.876196143888734
            ],
            [
              76.44370588255725,
              13.87368305567091
            ],
            [
              76.44343339620116,
              13.872942350791192
            ],
            [
              76.44479582797885,
              13.86987369109498
            ],
            [
              76.44217995896526,
              13.870323411002133
            ],
            [
              76.440463294925,
              13.87228100514919
            ],
            [
              76.44089927309392,
              13.875719981896339
            ],
            [
              76.44040879765407,
              13.876698758265306
            ],
            [
              76.440844775823,
              13.877360091311132
            ],
            [
              76.44038154901858,
              13.878497579738365
            ],
            [
              76.44103551627131,
              13.879238266878076
            ],
            [
              76.44000006812058,
              13.880217028397908
            ],
            [
              76.44000006812058,
              13.879317626073885
            ],
            [
              76.43844689589315,
              13.879264719946363
            ],
            [
              76.43809266363058,
              13.878391767097114
            ],
            [
              76.43863763634289,
              13.877571717487541
            ],
            [
              76.43634534714943,
              13.875823042788014
            ],
            [
              76.43381122404355,
              13.875823042788014
            ],
            [
              76.43184932228269,
              13.874553273259636
            ],
            [
              76.43018715551341,
              13.875637868497947
            ],
            [
              76.42983292325079,
              13.87539978705091
            ],
            [
              76.43037240648965,
              13.873632784070907
            ],
            [
              76.43208907052986,
              13.872759810024249
            ],
            [
              76.4334787509431,
              13.871199030057369
            ],
            [
              76.43304277277417,
              13.869770510376554
            ],
            [
              76.43025844036237,
              13.867580755505315
            ],
            [
              76.43183886122387,
              13.867236848061225
            ],
            [
              76.43287430937596,
              13.866205122669854
            ],
            [
              76.43331028754488,
              13.86646966807902
            ],
            [
              76.43415499524735,
              13.865914122370924
            ],
            [
              76.43440023296648,
              13.86490884580597
            ],
            [
              76.43396425479756,
              13.863665471400026
            ],
            [
              76.43440023296648,
              13.863400922794384
            ],
            [
              76.43467271932263,
              13.86358610684971
            ],
            [
              76.43640654801936,
              13.861902612769597
            ],
            [
              76.43541718273667,
              13.860851538517522
            ],
            [
              76.43597436155852,
              13.859883513562963
            ],
            [
              76.43670749158548,
              13.860149246305397
            ],
            [
              76.43821833228293,
              13.859387489292459
            ],
            [
              76.43892213710933,
              13.859624751190637
            ],
            [
              76.43919583898781,
              13.859074303215749
            ],
            [
              76.44265857927587,
              13.857021951699068
            ],
            [
              76.4427793725435,
              13.855712346491785
            ],
            [
              76.43965887983995,
              13.855458243133356
            ],
            [
              76.43941729330896,
              13.855086860802317
            ],
            [
              76.4397192764738,
              13.85401180333804
            ],
            [
              76.43865229631956,
              13.8528780915112
            ],
            [
              76.43716251270757,
              13.8528780915112
            ],
            [
              76.43537074593075,
              13.85553641933599
            ],
            [
              76.43458558970195,
              13.855712337016357
            ],
            [
              76.4331562027217,
              13.858370632405851
            ],
            [
              76.43271570512428,
              13.85830603879684
            ],
            [
              76.43191041668547,
              13.859107430925249
            ],
            [
              76.4306018229708,
              13.858325584979141
            ],
            [
              76.43019917875245,
              13.858540592876167
            ],
            [
              76.42983679895389,
              13.859126977040134
            ],
            [
              76.4291724359926,
              13.85914652315337
            ],
            [
              76.42816582544259,
              13.856410051286545
            ],
            [
              76.43085220264157,
              13.854304363882704
            ],
            [
              76.43083207043168,
              13.852916556821526
            ],
            [
              76.43002678199088,
              13.852740637024084
            ],
            [
              76.42930202239586,
              13.852408343710792
            ],
            [
              76.42761091667467,
              13.852466983741635
            ],
            [
              76.42738946235357,
              13.85217378343853
            ],
            [
              76.42797329647118,
              13.850844604091549
            ],
            [
              76.42718814024232,
              13.849906355268857
            ],
            [
              76.42827527963595,
              13.849632698648563
            ],
            [
              76.42845366747906,
              13.849973076086556
            ],
            [
              76.43217812651005,
              13.848409320079938
            ],
            [
              76.43432952675761,
              13.845863346317813
            ],
            [
              76.43451071665692,
              13.844612320235072
            ],
            [
              76.43358463495065,
              13.844631867569333
            ],
            [
              76.43024268792811,
              13.845921988000086
            ],
            [
              76.42748457502313,
              13.845413759593725
            ],
            [
              76.42835026009573,
              13.843791330709365
            ],
            [
              76.42744431060135,
              13.840722368002005
            ],
            [
              76.42612132079859,
              13.84057182159809
            ],
            [
              76.42519523909442,
              13.839574888045973
            ],
            [
              76.42390213727651,
              13.836718878064303
            ],
            [
              76.42398266612014,
              13.835115936654077
            ],
            [
              76.42351962526601,
              13.834783618150254
            ],
            [
              76.42243248587442,
              13.836210629545278
            ],
            [
              76.42176812291103,
              13.839103721672402
            ],
            [
              76.41991595950043,
              13.83972925037392
            ],
            [
              76.41915093548357,
              13.840765278584627
            ],
            [
              76.41901160475743,
              13.84237161758378
            ],
            [
              76.41740102787782,
              13.844130888045484
            ],
            [
              76.41564888314389,
              13.847874516526232
            ],
            [
              76.41467729948909,
              13.847145335797933
            ],
            [
              76.41517352983749,
              13.848391201587063
            ],
            [
              76.41466935669786,
              13.84888326871264
            ],
            [
              76.41492406916956,
              13.849128027101287
            ],
            [
              76.41542669268404,
              13.848636330380913
            ],
            [
              76.41566564974539,
              13.849138595248618
            ],
            [
              76.41491442204847,
              13.850137176473126
            ],
            [
              76.41517069077366,
              13.850873240658757
            ],
            [
              76.41442195968426,
              13.851881601336245
            ],
            [
              76.41443015425432,
              13.853121232712112
            ],
            [
              76.41418069358645,
              13.85361328982168
            ],
            [
              76.41392512473271,
              13.85389670129129
            ],
            [
              76.41341569978817,
              13.853894151778789
            ],
            [
              76.41319192120346,
              13.85275466132775
            ],
            [
              76.41367246122763,
              13.853131990784433
            ],
            [
              76.41367215985304,
              13.852146490225167
            ],
            [
              76.4131811162224,
              13.85212609396757
            ],
            [
              76.4131921892236,
              13.852630496247926
            ],
            [
              76.41291909543912,
              13.852887998311004
            ],
            [
              76.4124140814979,
              13.852883482592745
            ],
            [
              76.41217736756863,
              13.852385035427588
            ],
            [
              76.41242040720482,
              13.852128211885898
            ],
            [
              76.41141731272836,
              13.852135860482534
            ],
            [
              76.41067591456317,
              13.851375035083322
            ],
            [
              76.41141116706012,
              13.850870225503499
            ],
            [
              76.4116711313356,
              13.851385233244798
            ],
            [
              76.41317100007842,
              13.850134959981418
            ],
            [
              76.41214538647898,
              13.850380160334936
            ],
            [
              76.41188606689593,
              13.849953229235041
            ],
            [
              76.4119020959073,
              13.848917977489535
            ],
            [
              76.4116653258543,
              13.848622408029541
            ],
            [
              76.4109099166364,
              13.848403467445706
            ],
            [
              76.41042510176544,
              13.847024137027887
            ],
            [
              76.41114798479953,
              13.84342000132041
            ],
            [
              76.41087521320594,
              13.840469207102586
            ],
            [
              76.41190916543576,
              13.835896614365424
            ],
            [
              76.40889880252507,
              13.83384939934001
            ],
            [
              76.40860565864949,
              13.83315969199026
            ],
            [
              76.40766985320113,
              13.83342243788843
            ],
            [
              76.40720758785898,
              13.834123092165612
            ],
            [
              76.4052247389804,
              13.835631007731877
            ],
            [
              76.40364462782048,
              13.837862151216783
            ],
            [
              76.4031710877133,
              13.837654148041736
            ],
            [
              76.40244950278924,
              13.838190576904225
            ],
            [
              76.40244951967526,
              13.838661311548307
            ],
            [
              76.40215637579962,
              13.838847418855266
            ],
            [
              76.40187450668896,
              13.838639416561293
            ],
            [
              76.40120929558748,
              13.839110158328467
            ],
            [
              76.40066810689382,
              13.839898374970474
            ],
            [
              76.39895434269891,
              13.840850799847388
            ],
            [
              76.39868746090349,
              13.841636146453908
            ],
            [
              76.3969060481221,
              13.842676142661986
            ],
            [
              76.39665800330408,
              13.841953619473529
            ],
            [
              76.39664672853911,
              13.8401473016811
            ],
            [
              76.39891872473623,
              13.834875446084027
            ],
            [
              76.39864165359359,
              13.833869260465022
            ],
            [
              76.39716854613442,
              13.834134614574907
            ],
            [
              76.39617109001927,
              13.83564119932889
            ],
            [
              76.39513909091153,
              13.835634231122455
            ],
            [
              76.39289801889885,
              13.837127924500066
            ],
            [
              76.39317066580799,
              13.837627145393654
            ],
            [
              76.39068256626138,
              13.839375832934422
            ],
            [
              76.38916421639726,
              13.83939197460164
            ],
            [
              76.38917705952952,
              13.837628541918946
            ],
            [
              76.38861183339384,
              13.83685911389459
            ],
            [
              76.3891825999487,
              13.836616986128078
            ],
            [
              76.39016430843668,
              13.83635345767837
            ],
            [
              76.39040813104288,
              13.835879962114063
            ],
            [
              76.38942855803168,
              13.835654280831392
            ],
            [
              76.38912932116705,
              13.835390629205506
            ],
            [
              76.38861951026325,
              13.835891028950684
            ],
            [
              76.38642511596919,
              13.835132359044536
            ],
            [
              76.38715658378675,
              13.834621196335249
            ],
            [
              76.39064763440115,
              13.834163839507085
            ],
            [
              76.39089145700626,
              13.8338625214232
            ],
            [
              76.3909025398525,
              13.833410543566316
            ],
            [
              76.39340149810687,
              13.83113828292241
            ],
            [
              76.39391201558038,
              13.83040169269141
            ],
            [
              76.39492910233298,
              13.827610659202364
            ],
            [
              76.39590534858593,
              13.826627932592302
            ],
            [
              76.39589980716272,
              13.826159798101727
            ],
            [
              76.39543752811119,
              13.824414955473628
            ],
            [
              76.39465160844435,
              13.823401247949135
            ],
            [
              76.39215796815762,
              13.822400393676304
            ],
            [
              76.39113280405127,
              13.822631773978486
            ],
            [
              76.38892333666922,
              13.821380679509758
            ],
            [
              76.38863518268028,
              13.821127773685063
            ],
            [
              76.38815650083279,
              13.819652010214824
            ],
            [
              76.3859120169995,
              13.818382478196895
            ],
            [
              76.38542991321015,
              13.818656911143464
            ],
            [
              76.38441029140472,
              13.818899057593185
            ],
            [
              76.3836602367544,
              13.819904778148683
            ],
            [
              76.38340008582554,
              13.818143745864802
            ],
            [
              76.38293091962277,
              13.817651960811034
            ],
            [
              76.38316920080581,
              13.816618795343146
            ],
            [
              76.38289767328808,
              13.816387408618212
            ],
            [
              76.38165639456776,
              13.817140759640125
            ],
            [
              76.3811576665102,
              13.816624176344817
            ],
            [
              76.38116254395402,
              13.816112973882511
            ],
            [
              76.38165019212698,
              13.81464392923283
            ],
            [
              76.38089988435098,
              13.813657615064102
            ],
            [
              76.37991351108201,
              13.813889004419337
            ],
            [
              76.37965860563071,
              13.81414729924228
            ],
            [
              76.37689477824182,
              13.814140783318962
            ],
            [
              76.37617271556235,
              13.814643199204141
            ],
            [
              76.37540245778519,
              13.813900602397183
            ],
            [
              76.37540797624973,
              13.811877257768728
            ],
            [
              76.37490924819218,
              13.81139833122657
            ],
            [
              76.37468204985424,
              13.812162460748155
            ],
            [
              76.37518077791174,
              13.812894300757605
            ],
            [
              76.37491774078353,
              13.813906781138385
            ],
            [
              76.37465729390908,
              13.81440184592546
            ],
            [
              76.37393690893663,
              13.814913053026444
            ],
            [
              76.3744173873992,
              13.81538817143614
            ],
            [
              76.37392420076475,
              13.816130763502116
            ],
            [
              76.37339222417069,
              13.81538279032641
            ],
            [
              76.37268292204448,
              13.81514064022187
            ],
            [
              76.37287687184482,
              13.814699388274022
            ],
            [
              76.3734088506086,
              13.814369840734557
            ],
            [
              76.3734088506086,
              13.813643386510151
            ],
            [
              76.37267930231138,
              13.813643345720052
            ],
            [
              76.37091118883893,
              13.81387243998077
            ],
            [
              76.36966412845868,
              13.812887687488598
            ],
            [
              76.36840622547021,
              13.812876925151372
            ],
            [
              76.3673866036637,
              13.814146877455556
            ],
            [
              76.3671704881719,
              13.813883201486675
            ],
            [
              76.368385488498,
              13.811625718617648
            ],
            [
              76.36966565105325,
              13.811378182477952
            ],
            [
              76.3704469916766,
              13.812626618252352
            ],
            [
              76.37091801261971,
              13.81211540613657
            ],
            [
              76.3726640641309,
              13.811143039958154
            ],
            [
              76.37342194563229,
              13.80963148441326
            ],
            [
              76.37395392222635,
              13.809905927666335
            ],
            [
              76.37493208927617,
              13.810624566751045
            ],
            [
              76.37539756879721,
              13.810403936606647
            ],
            [
              76.3762010749515,
              13.809650562771978
            ],
            [
              76.37643381471258,
              13.80988195610557
            ],
            [
              76.3776695520097,
              13.810398554346236
            ],
            [
              76.37851738970846,
              13.809569844112659
            ],
            [
              76.37741464655835,
              13.809155487891047
            ],
            [
              76.37840926439992,
              13.808164743018807
            ],
            [
              76.37840876980351,
              13.806882394678723
            ],
            [
              76.37741211087643,
              13.805395637119474
            ],
            [
              76.37765465292159,
              13.804888547968744
            ],
            [
              76.37713375917258,
              13.804888547968744
            ],
            [
              76.37690101941143,
              13.80514685276519
            ],
            [
              76.37639120850872,
              13.804398844341279
            ],
            [
              76.37767285861122,
              13.804140539210735
            ],
            [
              76.37841274436244,
              13.802641383308767
            ],
            [
              76.37841828578553,
              13.802140912129602
            ],
            [
              76.37740600948592,
              13.800128517463776
            ],
            [
              76.37841454844607,
              13.798896159242688
            ],
            [
              76.37840900702292,
              13.800376064617978
            ],
            [
              76.37916817462548,
              13.80187748780952
            ],
            [
              76.37916817462548,
              13.801403922159452
            ],
            [
              76.37889664490586,
              13.800128518977601
            ],
            [
              76.37971677548899,
              13.800666664630768
            ],
            [
              76.38039837050059,
              13.800892685434476
            ],
            [
              76.37993289098068,
              13.801124087459314
            ],
            [
              76.37965581983804,
              13.801398540725828
            ],
            [
              76.37966690268303,
              13.801893632075789
            ],
            [
              76.38017671358688,
              13.802130414524427
            ],
            [
              76.38141245088406,
              13.801603035106552
            ],
            [
              76.38116862827894,
              13.800908829768886
            ],
            [
              76.38117094664085,
              13.800400338243293
            ],
            [
              76.38042285455509,
              13.79987295491371
            ],
            [
              76.3806666778529,
              13.798871999360173
            ],
            [
              76.38017467213172,
              13.798392793811573
            ],
            [
              76.37894022844063,
              13.797870787783069
            ],
            [
              76.37941124938374,
              13.797413358575326
            ],
            [
              76.37941679080683,
              13.796885968492091
            ],
            [
              76.37892914559444,
              13.795906526605876
            ],
            [
              76.37890697990298,
              13.796369340317582
            ],
            [
              76.37917296820063,
              13.79663841763454
            ],
            [
              76.37890697990298,
              13.797375687893961
            ],
            [
              76.37763245264512,
              13.796132552021376
            ],
            [
              76.37741633780689,
              13.795610544043129
            ],
            [
              76.3776823261033,
              13.795395281265485
            ],
            [
              76.3766492140893,
              13.793878381386435
            ],
            [
              76.37616156887685,
              13.794136698374714
            ],
            [
              76.37220079636364,
              13.791897947738349
            ],
            [
              76.37316500394115,
              13.791881802780438
            ],
            [
              76.3739263918502,
              13.79237368206752
            ],
            [
              76.375414989533,
              13.792128148499813
            ],
            [
              76.37565881213925,
              13.792386467425274
            ],
            [
              76.37543715522435,
              13.792617877886414
            ],
            [
              76.37589709332235,
              13.792650167700387
            ],
            [
              76.37691117370571,
              13.79187521094191
            ],
            [
              76.37765926579152,
              13.793624241641155
            ],
            [
              76.37816651040794,
              13.794361785073988
            ],
            [
              76.37867632131065,
              13.794399456241905
            ],
            [
              76.37889243680235,
              13.79313477801864
            ],
            [
              76.3796626945807,
              13.793629886904853
            ],
            [
              76.380157885475,
              13.795106071134342
            ],
            [
              76.3799196042919,
              13.795391294624253
            ],
            [
              76.3793876276979,
              13.795100689555426
            ],
            [
              76.37944858334885,
              13.795649609937797
            ],
            [
              76.38041759290701,
              13.79616552164957
            ],
            [
              76.38193675254803,
              13.79840800140505
            ],
            [
              76.38292312581689,
              13.798892336120659
            ],
            [
              76.38216985242195,
              13.79915435135591
            ],
            [
              76.38365093267043,
              13.800131339689031
            ],
            [
              76.38355672848178,
              13.800384268297364
            ],
            [
              76.38351239709789,
              13.800755588523614
            ],
            [
              76.38442673187069,
              13.800384268297364
            ],
            [
              76.38666816029075,
              13.802374483963277
            ],
            [
              76.38691100890031,
              13.801645727387665
            ],
            [
              76.38714929008347,
              13.801371274411963
            ],
            [
              76.38616676198649,
              13.799874241379129
            ],
            [
              76.38642166743779,
              13.799615930744096
            ],
            [
              76.3873969578616,
              13.80012178880429
            ],
            [
              76.38689268838203,
              13.799599786319106
            ],
            [
              76.38664897671777,
              13.798635201768192
            ],
            [
              76.38768289467299,
              13.797875133192122
            ],
            [
              76.38792117585609,
              13.799155930178657
            ],
            [
              76.3881539156161,
              13.798849185321785
            ],
            [
              76.38868035054361,
              13.798612399538754
            ],
            [
              76.38895188026322,
              13.798881474268796
            ],
            [
              76.38889877568477,
              13.799871427300332
            ],
            [
              76.38993534719873,
              13.79988445570713
            ],
            [
              76.3900757776156,
              13.799724175536454
            ],
            [
              76.38991528069818,
              13.799204627480862
            ],
            [
              76.3909852601509,
              13.79868507826751
            ],
            [
              76.39055726836955,
              13.800061881152544
            ],
            [
              76.3891395455941,
              13.801386721539188
            ],
            [
              76.3891470676104,
              13.801938330284628
            ],
            [
              76.38997630168689,
              13.803652814383625
            ],
            [
              76.38871907582904,
              13.804172352530728
            ],
            [
              76.38845158096512,
              13.804821773587904
            ],
            [
              76.38879932428773,
              13.805055564725421
            ],
            [
              76.3871676056209,
              13.806328423473374
            ],
            [
              76.38743510048482,
              13.807185650959283
            ],
            [
              76.38743693646921,
              13.809592506540085
            ],
            [
              76.38815917259933,
              13.811125101699488
            ],
            [
              76.38794517670925,
              13.812164143532726
            ],
            [
              76.3906468748288,
              13.814424043524738
            ],
            [
              76.39198433525274,
              13.814683809660451
            ],
            [
              76.39267982189801,
              13.81403441607911
            ],
            [
              76.39297406624814,
              13.81294343078838
            ],
            [
              76.39388354878338,
              13.812138176464018
            ],
            [
              76.39383004981084,
              13.810969253945458
            ],
            [
              76.39460578491492,
              13.81195634445723
            ],
            [
              76.39449878696854,
              13.813203189654061
            ],
            [
              76.39511402515512,
              13.81367075488285
            ],
            [
              76.39546176847773,
              13.814242222222077
            ],
            [
              76.39527452207261,
              13.814943566586777
            ],
            [
              76.39840421197493,
              13.816657955034088
            ],
            [
              76.39976843577784,
              13.815878689121632
            ],
            [
              76.40051742139553,
              13.816969660669542
            ],
            [
              76.40011617910045,
              13.820060718975185
            ],
            [
              76.4007399972545,
              13.82065873259809
            ],
            [
              76.40206539297185,
              13.819236228994185
            ],
            [
              76.40175148346071,
              13.818321757803488
            ],
            [
              76.40220490831194,
              13.816187977732511
            ],
            [
              76.40328615218732,
              13.818897536378714
            ],
            [
              76.40475103400848,
              13.819845880750194
            ],
            [
              76.40363491129858,
              13.823097296282057
            ],
            [
              76.40408833614981,
              13.823131164954859
            ],
            [
              76.40468127633937,
              13.823232770944543
            ],
            [
              76.40858770582412,
              13.828956503393627
            ],
            [
              76.4096689496995,
              13.828143674222801
            ],
            [
              76.41036652639275,
              13.826416402811049
            ],
            [
              76.41193607395394,
              13.825197144686115
            ],
            [
              76.4141334237201,
              13.822422090522196
            ],
            [
              76.41542394060292,
              13.824047785978308
            ],
            [
              76.41716788233873,
              13.823065596330409
            ],
            [
              76.41852815689072,
              13.820999597688456
            ],
            [
              76.41667957865292,
              13.820051264305121
            ],
            [
              76.41667957865292,
              13.819001319269972
            ],
            [
              76.41807473203949,
              13.819204534807596
            ],
            [
              76.41908621824564,
              13.81791750007622
            ],
            [
              76.41995818911357,
              13.817883630645241
            ],
            [
              76.420726317451,
              13.817351765410109
            ],
            [
              76.41908701222064,
              13.815421195292828
            ],
            [
              76.41821504135277,
              13.815387325499017
            ],
            [
              76.4209355904585,
              13.813930919700212
            ],
            [
              76.42044728677263,
              13.8132873886574
            ],
            [
              76.4229290219551,
              13.807730134499934
            ],
            [
              76.42233608176554,
              13.807255941289199
            ],
            [
              76.42271974894584,
              13.806205938602986
            ],
            [
              76.4225104759384,
              13.804884960765193
            ],
            [
              76.42331268913534,
              13.805562386231742
            ],
            [
              76.4237312351521,
              13.805155931188168
            ],
            [
              76.4237312351521,
              13.804139790478217
            ],
            [
              76.4254751768861,
              13.801870393572742
            ],
            [
              76.4268354514399,
              13.80237846942532
            ],
            [
              76.42676569377073,
              13.801362316614231
            ],
            [
              76.42596348057202,
              13.800244543407317
            ],
            [
              76.42732375512566,
              13.800176799404682
            ],
            [
              76.42837012816938,
              13.803394613435003
            ],
            [
              76.42753303613603,
              13.8038010715495
            ],
            [
              76.4281957339947,
              13.80437688599828
            ],
            [
              76.4281957339947,
              13.805257540640255
            ],
            [
              76.42673082293908,
              13.807764001032496
            ],
            [
              76.4276839886308,
              13.809439968116592
            ],
            [
              76.42698641193755,
              13.810489956236367
            ],
            [
              76.42750959445789,
              13.811980253833951
            ],
            [
              76.42698641193755,
              13.812386696978834
            ],
            [
              76.42726544261586,
              13.8151979093264
            ],
            [
              76.4285210806641,
              13.81516403950009
            ],
            [
              76.42956744570489,
              13.814757601198522
            ],
            [
              76.43106723559697,
              13.813436671823467
            ],
            [
              76.43169505462112,
              13.813978592472864
            ],
            [
              76.43246238898348,
              13.813199581142939
            ],
            [
              76.43342765666279,
              13.814800594667062
            ],
            [
              76.43279983763864,
              13.816223125356629
            ],
            [
              76.43377644501027,
              13.815715079678654
            ],
            [
              76.43513671956225,
              13.816663430714996
            ],
            [
              76.43478793121659,
              13.81764564736146
            ],
            [
              76.4339159603486,
              13.81764564736146
            ],
            [
              76.43318350482076,
              13.817984341796247
            ],
            [
              76.43234641278741,
              13.817611777890974
            ],
            [
              76.43171859376332,
              13.818085950030408
            ],
            [
              76.43074198639164,
              13.817814994639988
            ],
            [
              76.42941659067424,
              13.818593990538105
            ],
            [
              76.42826558912981,
              13.817205343859484
            ],
            [
              76.42700995108152,
              13.819576199044533
            ],
            [
              76.4268355569069,
              13.82089709360855
            ],
            [
              76.42617285904817,
              13.822963093160752
            ],
            [
              76.42627749555191,
              13.823979151790496
            ],
            [
              76.42502185750368,
              13.8261805969439
            ],
            [
              76.42533576701663,
              13.82811107787019
            ],
            [
              76.42634725322097,
              13.825604836375476
            ],
            [
              76.42694019341235,
              13.825096811161913
            ],
            [
              76.42774240660935,
              13.825333889732931
            ],
            [
              76.42878877165015,
              13.826620883476153
            ],
            [
              76.43070710755705,
              13.826587015310992
            ],
            [
              76.4318581091016,
              13.824013020335016
            ],
            [
              76.43136980541755,
              13.823166305240676
            ],
            [
              76.43367180850657,
              13.821811554687159
            ],
            [
              76.4350320830585,
              13.824046888874634
            ],
            [
              76.43496232538939,
              13.826959564858399
            ],
            [
              76.43565990208259,
              13.828652964375294
            ],
            [
              76.43761311682596,
              13.83058342479707
            ],
            [
              76.43872923953586,
              13.83105757052168
            ],
            [
              76.43942681622917,
              13.831091438036353
            ],
            [
              76.43977560457671,
              13.83007541044887
            ],
            [
              76.44036854476622,
              13.826891828621726
            ],
            [
              76.43970584690749,
              13.826417674411317
            ],
            [
              76.44124051563415,
              13.823843677562294
            ],
            [
              76.44092660612114,
              13.822048636603085
            ],
            [
              76.44316003264606,
              13.820759556853929
            ],
            [
              76.44306854511996,
              13.820137684711739
            ],
            [
              76.44380044531943,
              13.81867183666526
            ],
            [
              76.445233749875,
              13.817072719184665
            ],
            [
              76.44619436888507,
              13.817028299098098
            ],
            [
              76.44610081673369,
              13.819153153731918
            ],
            [
              76.44692420409524,
              13.820633804908141
            ],
            [
              76.4476866001362,
              13.820663417841757
            ],
            [
              76.45012626746495,
              13.821611029732367
            ],
            [
              76.45117837400102,
              13.821314901430952
            ],
            [
              76.45169680330832,
              13.822425380620743
            ],
            [
              76.45090391494409,
              13.822588250635363
            ],
            [
              76.44915040405175,
              13.824142911517356
            ],
            [
              76.44797631414957,
              13.823802367640951
            ],
            [
              76.44616181157261,
              13.826126939852017
            ],
            [
              76.44771821880079,
              13.82769966216324
            ],
            [
              76.4489380524659,
              13.828395543991917
            ],
            [
              76.44866358989071,
              13.829121035598078
            ],
            [
              76.44899904414893,
              13.829402348062104
            ],
            [
              76.4500584776111,
              13.829733313144544
            ],
            [
              76.45127831127621,
              13.831125062561128
            ],
            [
              76.45342826810986,
              13.830858557998056
            ],
            [
              76.45534287037879,
              13.832148949178816
            ],
            [
              76.45461097017937,
              13.832667149342186
            ],
            [
              76.45336064067425,
              13.834665910591482
            ],
            [
              76.45398580542764,
              13.83485838299002
            ],
            [
              76.45467196186394,
              13.836324129114118
            ],
            [
              76.45441274721037,
              13.837345704284004
            ],
            [
              76.45471770562546,
              13.837612201416547
            ],
            [
              76.45694390206364,
              13.834547465958693
            ],
            [
              76.45712325429935,
              13.836341633591886
            ],
            [
              76.46002035925233,
              13.83718554377414
            ],
            [
              76.46018808638155,
              13.837614900411012
            ],
            [
              76.45944093818645,
              13.839125045010903
            ],
            [
              76.45968490491856,
              13.839376734829756
            ],
            [
              76.45995936749375,
              13.83930270844094
            ],
            [
              76.46168297011025,
              13.839843535325258
            ],
            [
              76.46062827690656,
              13.843100436242636
            ],
            [
              76.46369310898865,
              13.84459574031149
            ],
            [
              76.46419629037439,
              13.843500171935588
            ],
            [
              76.4636016214626,
              13.842152911855479
            ],
            [
              76.46415943238043,
              13.841479266802821
            ],
            [
              76.4641743920057,
              13.837822090358387
            ],
            [
              76.46368645854,
              13.83725948544972
            ],
            [
              76.46319852507423,
              13.836637657388778
            ],
            [
              76.46095425676145,
              13.835407427113566
            ],
            [
              76.4609085129984,
              13.83488923305319
            ],
            [
              76.46212834016268,
              13.832653090154835
            ],
            [
              76.46069503560693,
              13.830846787333428
            ],
            [
              76.46191486927052,
              13.830150912833432
            ],
            [
              76.46365310838064,
              13.830358202236724
            ],
            [
              76.46438500858011,
              13.829869608693883
            ],
            [
              76.46465947115371,
              13.830387813933498
            ],
            [
              76.46501017333344,
              13.830654319035574
            ],
            [
              76.46539137135312,
              13.830387813933498
            ],
            [
              76.466169015314,
              13.83090601801851
            ],
            [
              76.46792280163226,
              13.829201435638055
            ],
            [
              76.46716040559289,
              13.828816481322491
            ],
            [
              76.46648949707651,
              13.829912118855091
            ],
            [
              76.46624553034451,
              13.82967522469049
            ],
            [
              76.46595581984934,
              13.82911260008288
            ],
            [
              76.46677535502175,
              13.828131203730749
            ],
            [
              76.46714130512146,
              13.827953531770333
            ],
            [
              76.46840688254804,
              13.828590189000366
            ],
            [
              76.46866609720172,
              13.828368099466758
            ],
            [
              76.46868134512164,
              13.827672217556056
            ],
            [
              76.46939799739954,
              13.827879501747091
            ],
            [
              76.46910828690437,
              13.825910294480593
            ],
            [
              76.47019088928198,
              13.825244017574036
            ],
            [
              76.46965721205316,
              13.823852232995847
            ],
            [
              76.47118200413348,
              13.822652922590962
            ],
            [
              76.47095328532134,
              13.82518479286803
            ],
            [
              76.47041960809406,
              13.826087968000493
            ],
            [
              76.47109822193698,
              13.827884269581546
            ],
            [
              76.46995462787629,
              13.828491315066017
            ],
            [
              76.46974115698424,
              13.82995710129613
            ],
            [
              76.46995679044142,
              13.831188057785283
            ],
            [
              76.47119715005726,
              13.833128662316767
            ],
            [
              76.47202053777966,
              13.8360601671245
            ],
            [
              76.47141062094784,
              13.836844856588343
            ],
            [
              76.47141062094784,
              13.837333435483515
            ],
            [
              76.46980958876514,
              13.838636308408809
            ],
            [
              76.4703737618355,
              13.8421303382935
            ],
            [
              76.4739112794619,
              13.840975537614156
            ],
            [
              76.47410950243244,
              13.839924367907088
            ],
            [
              76.47491923255569,
              13.838931069574002
            ],
            [
              76.47412634067331,
              13.837894695997562
            ],
            [
              76.47494972839723,
              13.8371988425763
            ],
            [
              76.475483405626,
              13.837865085256155
            ],
            [
              76.47667617375782,
              13.836126036220563
            ],
            [
              76.47715407458742,
              13.836143064987198
            ],
            [
              76.47793449979451,
              13.835879118963888
            ],
            [
              76.4791577505411,
              13.834882932885236
            ],
            [
              76.47941388014357,
              13.83562792427162
            ],
            [
              76.4771817497014,
              13.839075932180734
            ],
            [
              76.4771659334424,
              13.839677790459632
            ],
            [
              76.47743010669058,
              13.840625023474672
            ],
            [
              76.47716704201395,
              13.84087193569411
            ],
            [
              76.47665845030474,
              13.84164672750643
            ],
            [
              76.47667803341324,
              13.843641388314396
            ],
            [
              76.47717234085877,
              13.84413814800456
            ],
            [
              76.47791361088406,
              13.8451315297348
            ],
            [
              76.47840189992587,
              13.84738405616811
            ],
            [
              76.47914291243262,
              13.847369016864207
            ],
            [
              76.4809299034697,
              13.848126804522778
            ],
            [
              76.48267403464268,
              13.849641828724586
            ],
            [
              76.48317569159519,
              13.849638996908709
            ],
            [
              76.48366568253454,
              13.849386965393222
            ],
            [
              76.48466899643955,
              13.849885365074854
            ],
            [
              76.48365923312599,
              13.850388285059594
            ],
            [
              76.48293008677388,
              13.850365629387
            ],
            [
              76.48267925829919,
              13.850951812794193
            ],
            [
              76.48293978218192,
              13.851864532049902
            ],
            [
              76.47992228000561,
              13.856355642307037
            ],
            [
              76.47992302981487,
              13.8571315837453
            ],
            [
              76.47940647961627,
              13.858129495539913
            ],
            [
              76.47943142740121,
              13.858604238396524
            ],
            [
              76.47890008908627,
              13.859905418900993
            ],
            [
              76.4792171240419,
              13.860331333729107
            ],
            [
              76.47830296677222,
              13.862446509736614
            ],
            [
              76.47696689158033,
              13.865621117183963
            ],
            [
              76.47724817056877,
              13.866832918255213
            ],
            [
              76.47775038405553,
              13.867926956902622
            ],
            [
              76.47869970063903,
              13.868370711366126
            ],
            [
              76.47984239652669,
              13.867329593783353
            ],
            [
              76.48022915513326,
              13.867824551905215
            ],
            [
              76.47919193886742,
              13.868831532411775
            ],
            [
              76.47664989769402,
              13.874311302685044
            ],
            [
              76.47668886364505,
              13.8749039575695
            ],
            [
              76.47640797702667,
              13.876627254755618
            ],
            [
              76.47694051148738,
              13.878153007505148
            ],
            [
              76.4778886829493,
              13.879111326432948
            ],
            [
              76.47890179766398,
              13.879111326432948
            ],
            [
              76.47940835502129,
              13.878619558004871
            ],
            [
              76.48066984098665,
              13.876406090306602
            ],
            [
              76.48041404037099,
              13.87611636577563
            ],
            [
              76.48166681504028,
              13.872147176447413
            ],
            [
              76.48219836268993,
              13.873894445581485
            ],
            [
              76.48316928400214,
              13.875132654475607
            ],
            [
              76.48291910421176,
              13.875872589148912
            ],
            [
              76.4835383487245,
              13.877021147855459
            ],
            [
              76.48467862261953,
              13.879137455500853
            ],
            [
              76.4846863021981,
              13.880154523719924
            ],
            [
              76.48491902939179,
              13.881385839940506
            ],
            [
              76.48441848818442,
              13.883135927747517
            ],
            [
              76.48491368754429,
              13.885130808851912
            ],
            [
              76.4861720924111,
              13.884892949751276
            ],
            [
              76.48715762872632,
              13.88538029962892
            ],
            [
              76.48766464531349,
              13.884888098687625
            ],
            [
              76.48768118020678,
              13.884330657488022
            ],
            [
              76.4897236337751,
              13.880873809459771
            ],
            [
              76.4909209704777,
              13.879396399354803
            ],
            [
              76.4911826764714,
              13.881628664894649
            ],
            [
              76.49048889258768,
              13.882714986311512
            ],
            [
              76.48918411036612,
              13.885890509412775
            ],
            [
              76.48919633353665,
              13.88635482780137
            ],
            [
              76.4898930300501,
              13.887501653244527
            ],
            [
              76.48907516892615,
              13.889721773550875
            ]
          ]
        ],
        "type": "Polygon"
      }
    },
    {
      "type": "Feature",
      "properties": {
        "Name": "Almatti Dam"
      },
      "geometry": {
        "coordinates": [
          [
            [
              75.88831928846068,
              16.333347747796168
            ],
            [
              75.8900032271033,
              16.336860161916462
            ],
            [
              75.88922526058803,
              16.33989903571829
            ],
            [
              75.89146789451931,
              16.34245986358428
            ],
            [
              75.88992201073697,
              16.343541960979195
            ],
            [
              75.8878172400895,
              16.34307442162367
            ],
            [
              75.89120088103766,
              16.34915829956755
            ],
            [
              75.89521227396628,
              16.351588962925092
            ],
            [
              75.89584689467608,
              16.352670707181773
            ],
            [
              75.89880118863957,
              16.353479386415984
            ],
            [
              75.8990145204227,
              16.35456188091807
            ],
            [
              75.90063216285131,
              16.35462828845334
            ],
            [
              75.90154901987913,
              16.355575305310353
            ],
            [
              75.90520397740491,
              16.35516643299202
            ],
            [
              75.9045054200603,
              16.35672343234451
            ],
            [
              75.90682911051124,
              16.35848010458696
            ],
            [
              75.90851473154754,
              16.357869583754123
            ],
            [
              75.90864665561247,
              16.359204071567774
            ],
            [
              75.91132044702377,
              16.360758181197042
            ],
            [
              75.91209495724775,
              16.361501047677095
            ],
            [
              75.91470124950578,
              16.363324430902864
            ],
            [
              75.91652800799565,
              16.363865046024543
            ],
            [
              75.92596201637704,
              16.368322512031696
            ],
            [
              75.9274389397028,
              16.36838988263038
            ],
            [
              75.92857163826773,
              16.36994053691305
            ],
            [
              75.93582430446682,
              16.371832175018326
            ],
            [
              75.9369489809608,
              16.374872536492404
            ],
            [
              75.93476687595609,
              16.3754804468645
            ],
            [
              75.9344850395535,
              16.37784481153048
            ],
            [
              75.91596752436507,
              16.37521014348856
            ],
            [
              75.91540396170305,
              16.385680073325872
            ],
            [
              75.90836320130171,
              16.38128995144929
            ],
            [
              75.90463137966796,
              16.385613291948687
            ],
            [
              75.90244892029241,
              16.38520780789142
            ],
            [
              75.89892788137854,
              16.387302221760706
            ],
            [
              75.89857648252794,
              16.390814272246658
            ],
            [
              75.89695784430936,
              16.403107726364937
            ],
            [
              75.89118308367063,
              16.40493120168422
            ],
            [
              75.89181841683165,
              16.39007229362926
            ],
            [
              75.89003002122683,
              16.38800662578879
            ],
            [
              75.89214252528888,
              16.385573253604036
            ],
            [
              75.89214332882008,
              16.381383173082682
            ],
            [
              75.89502819969559,
              16.375413295365348
            ],
            [
              75.89531065605468,
              16.370483286712442
            ],
            [
              75.89763308346986,
              16.370145458456577
            ],
            [
              75.89981458978221,
              16.371360876879166
            ],
            [
              75.9012927896614,
              16.370482749674053
            ],
            [
              75.90023705269448,
              16.369064503696563
            ],
            [
              75.89531036468836,
              16.369740299428273
            ],
            [
              75.89334015806867,
              16.367647011156137
            ],
            [
              75.89312730567806,
              16.365552404023546
            ],
            [
              75.89685840058254,
              16.361702700983457
            ],
            [
              75.89819509709108,
              16.361430491781007
            ],
            [
              75.89932167118496,
              16.359741658939626
            ],
            [
              75.89538259921002,
              16.35940270004855
            ],
            [
              75.89467383885187,
              16.357580457696187
            ],
            [
              75.89354968353015,
              16.358255442965685
            ],
            [
              75.89108697277143,
              16.356701771984106
            ],
            [
              75.88939594892508,
              16.356634398643948
            ],
            [
              75.88903998389125,
              16.355148424629846
            ],
            [
              75.88622756617264,
              16.352446380196298
            ],
            [
              75.88333855175574,
              16.350689587698923
            ],
            [
              75.88298881100528,
              16.352311233092962
            ],
            [
              75.8838318896259,
              16.35332439152387
            ],
            [
              75.88496244171142,
              16.355486085966035
            ],
            [
              75.88862029028064,
              16.356499442395034
            ],
            [
              75.89228431208642,
              16.360281235113348
            ],
            [
              75.89418377080793,
              16.361970168550158
            ],
            [
              75.88848425348078,
              16.366831696203008
            ],
            [
              75.88426147538487,
              16.364265367912935
            ],
            [
              75.88117407821306,
              16.364464567991888
            ],
            [
              75.88046026125849,
              16.36311747832923
            ],
            [
              75.87799181854862,
              16.362983759621144
            ],
            [
              75.87532076572313,
              16.36494138438735
            ],
            [
              75.87722004135821,
              16.367305921343487
            ],
            [
              75.8839084639774,
              16.36993868359093
            ],
            [
              75.88159504101844,
              16.375260622214398
            ],
            [
              75.8784248054555,
              16.375666906068545
            ],
            [
              75.87757864936711,
              16.374653984922986
            ],
            [
              75.87715903983502,
              16.37681441120469
            ],
            [
              75.875118180517,
              16.378705269516374
            ],
            [
              75.87194927880213,
              16.378367777772738
            ],
            [
              75.87103092284161,
              16.375396556897
            ],
            [
              75.86969507331199,
              16.37857095917653
            ],
            [
              75.86701891793476,
              16.379854654216018
            ],
            [
              75.86737138583783,
              16.388771773480613
            ],
            [
              75.86532933707446,
              16.390798395008986
            ],
            [
              75.8644142666636,
              16.39019014094704
            ],
            [
              75.86032932858015,
              16.38877217064281
            ],
            [
              75.85603463676242,
              16.390798382102943
            ],
            [
              75.85307556507837,
              16.383400531880284
            ],
            [
              75.84589180726931,
              16.384549205392858
            ],
            [
              75.84434430384675,
              16.387319133091594
            ],
            [
              75.84286437995792,
              16.38448146588972
            ],
            [
              75.84455413965958,
              16.381170532898054
            ],
            [
              75.84596038789309,
              16.38117056790746
            ],
            [
              75.84680776729599,
              16.37840002828807
            ],
            [
              75.84983494200992,
              16.37589941917706
            ],
            [
              75.85230031565558,
              16.37306108861918
            ],
            [
              75.85076669190144,
              16.370098780732235
            ],
            [
              75.85055543215131,
              16.3668563885619
            ],
            [
              75.84738720733873,
              16.367937210363806
            ],
            [
              75.84041776823165,
              16.36455970749728
            ],
            [
              75.83492749466063,
              16.368072176877348
            ],
            [
              75.83366011460822,
              16.37225997055731
            ],
            [
              75.8373925304391,
              16.374690967999072
            ],
            [
              75.83760380057171,
              16.37759504559365
            ],
            [
              75.83732165005284,
              16.380364485665282
            ],
            [
              75.83394255029481,
              16.381917938888932
            ],
            [
              75.83098454482749,
              16.380027616489826
            ],
            [
              75.8294363010175,
              16.381107985254843
            ],
            [
              75.83014346979888,
              16.384756495513884
            ],
            [
              75.82781767724748,
              16.386647862682324
            ],
            [
              75.82668822769168,
              16.385229936916772
            ],
            [
              75.82458102317412,
              16.387525550950585
            ],
            [
              75.82134041972705,
              16.387322902669098
            ],
            [
              75.82063654123311,
              16.38813344120979
            ],
            [
              75.82324366917072,
              16.393063386169118
            ],
            [
              75.81880660705176,
              16.391240314934066
            ],
            [
              75.81746981481734,
              16.393063717663125
            ],
            [
              75.81733029283956,
              16.395156920771313
            ],
            [
              75.81550058266248,
              16.39394130949971
            ],
            [
              75.81521614263298,
              16.389821998063653
            ],
            [
              75.81387931809891,
              16.388876502193483
            ],
            [
              75.81148809961522,
              16.391172666879868
            ],
            [
              75.8086008766449,
              16.387931110403727
            ],
            [
              75.80761614005937,
              16.3849597581021
            ],
            [
              75.81064054902785,
              16.383068077423346
            ],
            [
              75.80768450572953,
              16.382798117256357
            ],
            [
              75.80536070697895,
              16.382662853294804
            ],
            [
              75.80303916172849,
              16.382865861795764
            ],
            [
              75.80078773306201,
              16.385837639076755
            ],
            [
              75.80085832997875,
              16.389348926580794
            ],
            [
              75.8004356876018,
              16.39549504496526
            ],
            [
              75.79930948869807,
              16.401099675958832
            ],
            [
              75.79886039223666,
              16.411460622503526
            ],
            [
              75.79076269938656,
              16.40734030116147
            ],
            [
              75.78118750345521,
              16.40713781869593
            ],
            [
              75.78146832506215,
              16.40011280327245
            ],
            [
              75.7793532234524,
              16.39612560304954
            ],
            [
              75.77625807498549,
              16.3971408287845
            ],
            [
              75.76541726874311,
              16.394136271545335
            ],
            [
              75.7633056643835,
              16.39400113586271
            ],
            [
              75.76781152590726,
              16.398863995656896
            ],
            [
              75.76541791698068,
              16.40676575023194
            ],
            [
              75.75795424256745,
              16.404335167900953
            ],
            [
              75.74580290455785,
              16.401630148652558
            ],
            [
              75.73838205076532,
              16.406064187178387
            ],
            [
              75.73388631986853,
              16.40009287506686
            ],
            [
              75.72748602173183,
              16.397273025837748
            ],
            [
              75.72316464173824,
              16.402415587884548
            ],
            [
              75.71641873741157,
              16.408886282368144
            ],
            [
              75.712612669956,
              16.414693702879774
            ],
            [
              75.71226794863193,
              16.420830838404868
            ],
            [
              75.71745903453629,
              16.431110586645687
            ],
            [
              75.71417436650577,
              16.436416476733882
            ],
            [
              75.70137339716405,
              16.428958396629653
            ],
            [
              75.69514700860731,
              16.42448218017492
            ],
            [
              75.68961239981866,
              16.406066557229323
            ],
            [
              75.69583842973265,
              16.403577579519748
            ],
            [
              75.69964258931859,
              16.39329108166291
            ],
            [
              75.70638292134566,
              16.385827152997237
            ],
            [
              75.71019373241353,
              16.385492417738874
            ],
            [
              75.71070188467954,
              16.374384235510348
            ],
            [
              75.71538136617886,
              16.37238439920192
            ],
            [
              75.71174347904855,
              16.36227001244447
            ],
            [
              75.71710839023086,
              16.361601087520484
            ],
            [
              75.7254224181693,
              16.36540721505702
            ],
            [
              75.72628447634062,
              16.361094121550224
            ],
            [
              75.72281269804981,
              16.352809517188618
            ],
            [
              75.72887928716378,
              16.35428893008475
            ],
            [
              75.72852677119485,
              16.35031238798173
            ],
            [
              75.73510421608634,
              16.350971428935367
            ],
            [
              75.73861889668692,
              16.34900644383032
            ],
            [
              75.74866863089701,
              16.352664263106917
            ],
            [
              75.74935443015471,
              16.349171136412437
            ],
            [
              75.7524688186657,
              16.347009515754976
            ],
            [
              75.75594320607462,
              16.349172806292415
            ],
            [
              75.7611448433305,
              16.347677618610717
            ],
            [
              75.76304373443605,
              16.343852907258338
            ],
            [
              75.7696485679543,
              16.347347663164086
            ],
            [
              75.77064859776007,
              16.348586800114333
            ],
            [
              75.7751298635705,
              16.344974841613663
            ],
            [
              75.7734269799918,
              16.34475981642271
            ],
            [
              75.77029011623839,
              16.345232798737072
            ],
            [
              75.76710845975421,
              16.34394273390882
            ],
            [
              75.7615069893238,
              16.342437703535637
            ],
            [
              75.75966975576804,
              16.340029592250332
            ],
            [
              75.76177586360288,
              16.337965521048105
            ],
            [
              75.76527117599045,
              16.335299354291436
            ],
            [
              75.76536079934027,
              16.334525289237206
            ],
            [
              75.7634338761637,
              16.33435327865523
            ],
            [
              75.76406123428791,
              16.33211705117037
            ],
            [
              75.76244800557444,
              16.329708848646703
            ],
            [
              75.76321150375551,
              16.327623897470403
            ],
            [
              75.7602987406764,
              16.328612989185473
            ],
            [
              75.75976094206933,
              16.326462758755355
            ],
            [
              75.7569826268838,
              16.326720783414004
            ],
            [
              75.75461894256065,
              16.32620718556916
            ],
            [
              75.75639533899698,
              16.32375665479978
            ],
            [
              75.75439527786833,
              16.32247313077056
            ],
            [
              75.75061446037927,
              16.322259214820193
            ],
            [
              75.74816885340127,
              16.324606518094058
            ],
            [
              75.74862078925295,
              16.328228141234703
            ],
            [
              75.74616753467492,
              16.328875046699906
            ],
            [
              75.74938930373412,
              16.331440207949314
            ],
            [
              75.74749672196535,
              16.336352610380544
            ],
            [
              75.7447155051907,
              16.33880810561017
            ],
            [
              75.74028594572269,
              16.339216661793856
            ],
            [
              75.73872582547361,
              16.33441647986338
            ],
            [
              75.73906290257645,
              16.330143640833015
            ],
            [
              75.73928772678073,
              16.326724547020376
            ],
            [
              75.73773413433102,
              16.324582727027376
            ],
            [
              75.73706285918206,
              16.327365051271926
            ],
            [
              75.73350126356803,
              16.330464316020866
            ],
            [
              75.72905355849224,
              16.327577186784225
            ],
            [
              75.72649445915619,
              16.33003477448308
            ],
            [
              75.72171114314818,
              16.328860757339328
            ],
            [
              75.72089273801049,
              16.3158020881165
            ],
            [
              75.724454920042,
              16.31473163279945
            ],
            [
              75.7213377675665,
              16.311744708888085
            ],
            [
              75.72679153476767,
              16.307897089933817
            ],
            [
              75.7294642739163,
              16.310030483786477
            ],
            [
              75.72901734787837,
              16.30458599267058
            ],
            [
              75.73480705752439,
              16.29924046596126
            ],
            [
              75.73185636834995,
              16.29707232724502
            ],
            [
              75.73096921192123,
              16.293970817775147
            ],
            [
              75.72739988183633,
              16.29482773124549
            ],
            [
              75.7263993385377,
              16.291405939260656
            ],
            [
              75.72160757413855,
              16.292155894323997
            ],
            [
              75.71570444804632,
              16.293546405603777
            ],
            [
              75.69955774316173,
              16.29546970667063
            ],
            [
              75.69231853770026,
              16.287131714646605
            ],
            [
              75.69777656567913,
              16.28178868190612
            ],
            [
              75.70902340187956,
              16.280611082143025
            ],
            [
              75.71893585467387,
              16.278257023288717
            ],
            [
              75.70443571230496,
              16.271821257912592
            ],
            [
              75.71188650788011,
              16.261132701441767
            ],
            [
              75.7162169088538,
              16.25590216428661
            ],
            [
              75.71956663252027,
              16.249698716701317
            ],
            [
              75.70498997531692,
              16.242420413474434
            ],
            [
              75.7074411172542,
              16.236537171225848
            ],
            [
              75.71847142805177,
              16.239205085975485
            ],
            [
              75.72494997055429,
              16.23036907270857
            ],
            [
              75.72885134177668,
              16.224916982506244
            ],
            [
              75.72718394346336,
              16.220426678513803
            ],
            [
              75.72350684195268,
              16.215405615050955
            ],
            [
              75.7182540096143,
              16.211859514992753
            ],
            [
              75.713486002022,
              16.202899972517173
            ],
            [
              75.71793730860225,
              16.197449978239845
            ],
            [
              75.73463045704165,
              16.209953009879698
            ],
            [
              75.74152718096059,
              16.214439970274853
            ],
            [
              75.73963421643424,
              16.218820052661798
            ],
            [
              75.74111747247147,
              16.227202291738024
            ],
            [
              75.74779011119554,
              16.22570416825525
            ],
            [
              75.75512966042629,
              16.23136742451949
            ],
            [
              75.74468418116027,
              16.232015327172405
            ],
            [
              75.74589722141562,
              16.236713855414948
            ],
            [
              75.74033187139474,
              16.237035298053797
            ],
            [
              75.72652121952092,
              16.247272648479765
            ],
            [
              75.72497744154415,
              16.25686422547804
            ],
            [
              75.7318904027544,
              16.25729373511915
            ],
            [
              75.73881314772652,
              16.258051739599082
            ],
            [
              75.7405969576989,
              16.255905890568357
            ],
            [
              75.74848736273796,
              16.253314004293927
            ],
            [
              75.75251483300266,
              16.258890740951685
            ],
            [
              75.7535189812152,
              16.263929995869745
            ],
            [
              75.7530710862641,
              16.27068404795719
            ],
            [
              75.75530477079812,
              16.27261383691939
            ],
            [
              75.75720185655189,
              16.26596556098285
            ],
            [
              75.75876695309466,
              16.261677653419696
            ],
            [
              75.76646885381786,
              16.259639459379258
            ],
            [
              75.76736651465004,
              16.262964160837484
            ],
            [
              75.77015853886383,
              16.260926986886602
            ],
            [
              75.77518264013486,
              16.258782330930174
            ],
            [
              75.77966446492937,
              16.265409773017197
            ],
            [
              75.77766193412262,
              16.270005805768903
            ],
            [
              75.78133514895563,
              16.270112274337805
            ],
            [
              75.79012757603016,
              16.263592933595916
            ],
            [
              75.79457739796086,
              16.267866558002012
            ],
            [
              75.7938004910726,
              16.273530526711852
            ],
            [
              75.79057713706354,
              16.27438802279103
            ],
            [
              75.79803727577672,
              16.277701466332445
            ],
            [
              75.79992243730268,
              16.27395781797884
            ],
            [
              75.80337688195496,
              16.27695133950914
            ],
            [
              75.80692980502283,
              16.274383371200315
            ],
            [
              75.81282252716835,
              16.276729392551047
            ],
            [
              75.8108202772246,
              16.282496129630758
            ],
            [
              75.80770612970409,
              16.286554868980076
            ],
            [
              75.80648402545924,
              16.294670863740976
            ],
            [
              75.80993383884987,
              16.2991567827506
            ],
            [
              75.81338578577038,
              16.300226820296658
            ],
            [
              75.8209501279834,
              16.28869044467983
            ],
            [
              75.82640143425641,
              16.288903840836014
            ],
            [
              75.83063021411607,
              16.29734127741375
            ],
            [
              75.84096971668782,
              16.29797926599798
            ],
            [
              75.84175054853566,
              16.307056831843482
            ],
            [
              75.84852763677145,
              16.31420406911539
            ],
            [
              75.8449750787272,
              16.31997513521293
            ],
            [
              75.85275697436182,
              16.320077232341447
            ],
            [
              75.85534121795607,
              16.323605287617454
            ],
            [
              75.86245144508936,
              16.32051047961137
            ],
            [
              75.8657920884418,
              16.324992335555322
            ],
            [
              75.870645270978,
              16.321997704242264
            ],
            [
              75.87731066887736,
              16.32498404962861
            ],
            [
              75.88397520942138,
              16.32455753753257
            ],
            [
              75.88831928846068,
              16.333347747796168
            ]
          ]
        ],
        "type": "Polygon"
      },
      "id": 0
    },
    {
      "type": "Feature",
      "properties": {
        "Name": "Tungabhadra Dam"
      },
      "geometry": {
        "coordinates": [
          [
            [
              76.33001890932115,
              15.265501679932939
            ],
            [
              76.32057013034148,
              15.272534082639552
            ],
            [
              76.31935070085495,
              15.278138069414894
            ],
            [
              76.31507112992176,
              15.284225317872071
            ],
            [
              76.31378904334599,
              15.289296144053552
            ],
            [
              76.30612904940767,
              15.294475903631806
            ],
            [
              76.30452888061677,
              15.29706232419531
            ],
            [
              76.30144051263369,
              15.296027355962067
            ],
            [
              76.29862788799267,
              15.298226325875362
            ],
            [
              76.29755680980412,
              15.29719039193128
            ],
            [
              76.30117258635403,
              15.29421509726376
            ],
            [
              76.30264268179963,
              15.286707316964254
            ],
            [
              76.30089536884088,
              15.283858778877729
            ],
            [
              76.29715072828662,
              15.28735468501678
            ],
            [
              76.29352111400954,
              15.286836858615587
            ],
            [
              76.29364939111787,
              15.284376840984166
            ],
            [
              76.29096790758564,
              15.281917226078292
            ],
            [
              76.29082832980146,
              15.279715428857244
            ],
            [
              76.29417482948179,
              15.278159693013194
            ],
            [
              76.29417776473292,
              15.27712432166993
            ],
            [
              76.29592127583129,
              15.276994400806345
            ],
            [
              76.2991482007589,
              15.274146963876618
            ],
            [
              76.29566114473732,
              15.274018434913359
            ],
            [
              76.29372096581284,
              15.275248824525221
            ],
            [
              76.29349576245244,
              15.276443680849312
            ],
            [
              76.29208824144717,
              15.27649799233862
            ],
            [
              76.29163783472495,
              15.277475596743557
            ],
            [
              76.29065257002259,
              15.277665685959448
            ],
            [
              76.28918474045906,
              15.277635929286632
            ],
            [
              76.28839652869624,
              15.278586372919136
            ],
            [
              76.28867803289677,
              15.279373880094596
            ],
            [
              76.28771074320537,
              15.280174540007351
            ],
            [
              76.2861906205199,
              15.283786159178234
            ],
            [
              76.28382598523154,
              15.285306822324543
            ],
            [
              76.28041979187168,
              15.285361139780235
            ],
            [
              76.27946267758858,
              15.283460309616643
            ],
            [
              76.27817421900323,
              15.280083601126066
            ],
            [
              76.27792086522209,
              15.27761245636384
            ],
            [
              76.2762318400163,
              15.276824942575175
            ],
            [
              76.2738109038878,
              15.27796547882663
            ],
            [
              76.27234708204247,
              15.280409464196623
            ],
            [
              76.27296639128485,
              15.282256012031922
            ],
            [
              76.2746554164907,
              15.284292626816622
            ],
            [
              76.27445836354963,
              15.286030522456102
            ],
            [
              76.27181222406074,
              15.284781411421022
            ],
            [
              76.2671319968328,
              15.279779023825299
            ],
            [
              76.25803202994177,
              15.285529948313481
            ],
            [
              76.25795899233549,
              15.291730307159298
            ],
            [
              76.25465942399387,
              15.289539911498522
            ],
            [
              76.25732541616316,
              15.2831089899219
            ],
            [
              76.25090014565268,
              15.280837428739005
            ],
            [
              76.25035327200368,
              15.279550958991663
            ],
            [
              76.2559150976104,
              15.27955232221916
            ],
            [
              76.25818930290615,
              15.278114813134437
            ],
            [
              76.25740422939123,
              15.274785616657553
            ],
            [
              76.26085536646247,
              15.274331620678552
            ],
            [
              76.26273915452032,
              15.269640361620816
            ],
            [
              76.25952639083192,
              15.265252706349429
            ],
            [
              76.26336608172875,
              15.26494886000026
            ],
            [
              76.26564137236312,
              15.262906148660335
            ],
            [
              76.26940475951227,
              15.260634927915177
            ],
            [
              76.26995392289541,
              15.258364745506881
            ],
            [
              76.265326703521,
              15.258289680177668
            ],
            [
              76.26336740785553,
              15.259047512506172
            ],
            [
              76.26247547265814,
              15.253854732013721
            ],
            [
              76.26568891609895,
              15.251886826417575
            ],
            [
              76.27196189779022,
              15.25188575112594
            ],
            [
              76.27172776127719,
              15.247573741742102
            ],
            [
              76.27572723364142,
              15.246361977726096
            ],
            [
              76.27102164800675,
              15.245984348105509
            ],
            [
              76.27092272343913,
              15.238461210999617
            ],
            [
              76.26849211813061,
              15.244970265505216
            ],
            [
              76.26151324866152,
              15.244289694970035
            ],
            [
              76.25931390054194,
              15.240277668259367
            ],
            [
              76.25680430732274,
              15.242396849089474
            ],
            [
              76.2539838090816,
              15.239598151466723
            ],
            [
              76.25680380232899,
              15.236569275465087
            ],
            [
              76.2586971231122,
              15.232320574867856
            ],
            [
              76.25587332473151,
              15.23012575233804
            ],
            [
              76.25642236610281,
              15.227476750052588
            ],
            [
              76.25155945399456,
              15.233304573306057
            ],
            [
              76.2486581672755,
              15.233229182168685
            ],
            [
              76.24881547516736,
              15.227326512225119
            ],
            [
              76.2420156474318,
              15.220520306374866
            ],
            [
              76.23912484638885,
              15.206805314542564
            ],
            [
              76.24418374821522,
              15.20331830989494
            ],
            [
              76.23406594456088,
              15.197041556201924
            ],
            [
              76.22611624169002,
              15.20215596219569
            ],
            [
              76.23069334334332,
              15.206340383921571
            ],
            [
              76.23575224517128,
              15.209827338577412
            ],
            [
              76.23816124604122,
              15.217033528688646
            ],
            [
              76.23430684464898,
              15.221682552775036
            ],
            [
              76.24057438895983,
              15.231210845542606
            ],
            [
              76.23454860937107,
              15.235396151094378
            ],
            [
              76.23817174392565,
              15.243988309662427
            ],
            [
              76.2282879805145,
              15.245621054684548
            ],
            [
              76.22153914003826,
              15.240510050398797
            ],
            [
              76.22179471482656,
              15.256535633766987
            ],
            [
              76.21601299200279,
              15.257930942640797
            ],
            [
              76.21673428721232,
              15.249566855589919
            ],
            [
              76.21023662001716,
              15.250493526838753
            ],
            [
              76.21166761348053,
              15.244226427488627
            ],
            [
              76.20515793412187,
              15.240974905569942
            ],
            [
              76.19746192423975,
              15.247477502341937
            ],
            [
              76.18926209223827,
              15.244227671635272
            ],
            [
              76.1834848614107,
              15.248409600341546
            ],
            [
              76.17866001168068,
              15.240974619030425
            ],
            [
              76.18645884979293,
              15.21829083144928
            ],
            [
              76.21293734026915,
              15.222284868563762
            ],
            [
              76.19802050287956,
              15.211141071300887
            ],
            [
              76.207423596284,
              15.20695209076952
            ],
            [
              76.20995787242441,
              15.192288603432672
            ],
            [
              76.21429569284118,
              15.187748885746785
            ],
            [
              76.20814550918931,
              15.18006721029468
            ],
            [
              76.20488828385044,
              15.169940313747347
            ],
            [
              76.19222227773065,
              15.159113355357348
            ],
            [
              76.17196519225723,
              15.161559918344707
            ],
            [
              76.16222641124972,
              15.152144620596118
            ],
            [
              76.16295157107174,
              15.131895322943762
            ],
            [
              76.15980061428439,
              15.115470486311793
            ],
            [
              76.1757240917791,
              15.132587528002546
            ],
            [
              76.17932653279871,
              15.149699201036796
            ],
            [
              76.19489401986311,
              15.143063230779433
            ],
            [
              76.20574331540348,
              15.155637734703376
            ],
            [
              76.21406990439277,
              15.150397499409436
            ],
            [
              76.22963395188327,
              15.148651364042635
            ],
            [
              76.22963344066466,
              15.155288521486966
            ],
            [
              76.23976722926426,
              15.153193245961845
            ],
            [
              76.23542460495821,
              15.16087782770542
            ],
            [
              76.2433857759624,
              15.157384700222991
            ],
            [
              76.24085315476054,
              15.164720058207038
            ],
            [
              76.24339429859918,
              15.167689723444354
            ],
            [
              76.24581163454076,
              15.166472297956886
            ],
            [
              76.2475979087344,
              15.160182956344741
            ],
            [
              76.25127542823282,
              15.158560331858567
            ],
            [
              76.2522244077706,
              15.162414394540463
            ],
            [
              76.25475091281771,
              15.163327488625612
            ],
            [
              76.25358876919546,
              15.155820819277295
            ],
            [
              76.26073637365647,
              15.149327708495036
            ],
            [
              76.26609503126207,
              15.149430074605931
            ],
            [
              76.26178940830857,
              15.15541393222378
            ],
            [
              76.26148064616928,
              15.163023025614606
            ],
            [
              76.2685211526491,
              15.168502446934568
            ],
            [
              76.26904266163814,
              15.175400407060962
            ],
            [
              76.26536872919439,
              15.176113211624852
            ],
            [
              76.26809393162972,
              15.178746708920428
            ],
            [
              76.26820116470913,
              15.18158838106676
            ],
            [
              76.2737724329944,
              15.185434141266526
            ],
            [
              76.27199319387086,
              15.189289483987992
            ],
            [
              76.2748298836799,
              15.190709685634971
            ],
            [
              76.27830005392059,
              15.188173373353735
            ],
            [
              76.28471934499282,
              15.183504748307413
            ],
            [
              76.28913646330574,
              15.179243485288737
            ],
            [
              76.28776312734448,
              15.174985666181229
            ],
            [
              76.29376189028108,
              15.173155937501079
            ],
            [
              76.29144507566906,
              15.164433913795165
            ],
            [
              76.29302094198755,
              15.161289808170494
            ],
            [
              76.29806198088448,
              15.162915852288393
            ],
            [
              76.29806739557415,
              15.167781173343215
            ],
            [
              76.3016429760678,
              15.168591796471048
            ],
            [
              76.30521671062854,
              15.165345383999139
            ],
            [
              76.30994570996779,
              15.167983609331856
            ],
            [
              76.31025335020507,
              15.173666663164212
            ],
            [
              76.30290713534998,
              15.177417398005005
            ],
            [
              76.30888599415209,
              15.17731819034671
            ],
            [
              76.31035471969165,
              15.181985953909788
            ],
            [
              76.29962944957214,
              15.183051060295966
            ],
            [
              76.30444169389489,
              15.18604188045991
            ],
            [
              76.31011157236617,
              15.188035274682022
            ],
            [
              76.30461457621709,
              15.198652410102696
            ],
            [
              76.30220864639745,
              15.202303572757828
            ],
            [
              76.31596056532896,
              15.19981372659258
            ],
            [
              76.32163756846717,
              15.199648018256966
            ],
            [
              76.3192304585217,
              15.213254296209954
            ],
            [
              76.32764225295995,
              15.203794039515458
            ],
            [
              76.3362573711384,
              15.208941174321765
            ],
            [
              76.33969044155555,
              15.202966480615345
            ],
            [
              76.34640041545225,
              15.206783426042449
            ],
            [
              76.35018128617497,
              15.207114947931075
            ],
            [
              76.35208404550531,
              15.214584786606437
            ],
            [
              76.35345204063475,
              15.209106769131097
            ],
            [
              76.35706078413136,
              15.205953633076149
            ],
            [
              76.36258087777492,
              15.202966934668467
            ],
            [
              76.36344266506296,
              15.191606827545513
            ],
            [
              76.37319758935672,
              15.189945338917255
            ],
            [
              76.37433729847879,
              15.20573665867974
            ],
            [
              76.36338113916213,
              15.234242803428415
            ],
            [
              76.33905224606127,
              15.260886769820473
            ],
            [
              76.33001890932115,
              15.265501679932939
            ]
          ]
        ],
        "type": "Polygon"
      }
    },
    {
      "type": "Feature",
      "properties": {
        "Name": "Malaprabha Dam"
      },
      "geometry": {
        "coordinates": [
          [
            [
              74.87534295144786,
              15.75627513370371
            ],
            [
              74.87578596480407,
              15.754143285751454
            ],
            [
              74.87642279650564,
              15.753237243595166
            ],
            [
              74.87672736818871,
              15.753477078677093
            ],
            [
              74.87664430318372,
              15.754489712566539
            ],
            [
              74.87808409659405,
              15.755129268211135
            ],
            [
              74.8787209282942,
              15.754942731355882
            ],
            [
              74.8787209282942,
              15.754436416172013
            ],
            [
              74.8781948499331,
              15.754089989266063
            ],
            [
              74.87849942161617,
              15.753690265178903
            ],
            [
              74.87933007166038,
              15.754196582222917
            ],
            [
              74.87966233167893,
              15.754809490640568
            ],
            [
              74.88212659347599,
              15.754916083219811
            ],
            [
              74.88240347682503,
              15.754383119763503
            ],
            [
              74.8823481001555,
              15.754010044511702
            ],
            [
              74.88334488020823,
              15.753636968573915
            ],
            [
              74.8831510618642,
              15.752890814643877
            ],
            [
              74.8875535071002,
              15.753956747990642
            ],
            [
              74.8885709645362,
              15.753680596563854
            ],
            [
              74.88906935456191,
              15.75442674759249
            ],
            [
              74.89275190309269,
              15.75453334037259
            ],
            [
              74.8981045289757,
              15.75190048688674
            ],
            [
              74.89793839896711,
              15.751554055655589
            ],
            [
              74.89955344963624,
              15.750374831230673
            ],
            [
              74.90127012639559,
              15.746510728103885
            ],
            [
              74.90185158142634,
              15.746883817128094
            ],
            [
              74.90207308810437,
              15.74896244343708
            ],
            [
              74.90104861971611,
              15.750987751179707
            ],
            [
              74.90381745319772,
              15.749975099831886
            ],
            [
              74.90390051820273,
              15.748989092354222
            ],
            [
              74.90484192158596,
              15.750055046175007
            ],
            [
              74.90450966156885,
              15.750508074855034
            ],
            [
              74.90725080671504,
              15.751494074961016
            ],
            [
              74.91249736649851,
              15.75071254805215
            ],
            [
              74.91579227834126,
              15.749113620398745
            ],
            [
              74.91703825340764,
              15.745835779369642
            ],
            [
              74.91576446068157,
              15.743836660871423
            ],
            [
              74.91559833067305,
              15.740292234344722
            ],
            [
              74.91701453188537,
              15.738937407408017
            ],
            [
              74.91690377854636,
              15.737524940128253
            ],
            [
              74.9146887117613,
              15.736032511209402
            ],
            [
              74.9150209717784,
              15.735472847540493
            ],
            [
              74.91651614185824,
              15.73600586059348
            ],
            [
              74.91673764853627,
              15.735312943352568
            ],
            [
              74.9185373902992,
              15.737444988856836
            ],
            [
              74.91834357195665,
              15.738084598149001
            ],
            [
              74.91873120864324,
              15.738644254628483
            ],
            [
              74.92111240543679,
              15.738937407408017
            ],
            [
              74.92047557373664,
              15.739790213089805
            ],
            [
              74.91961723535698,
              15.739523711698993
            ],
            [
              74.91929413888394,
              15.74089205332318
            ],
            [
              74.92037398394163,
              15.741958049616898
            ],
            [
              74.92137076399584,
              15.741984699453226
            ],
            [
              74.92142614066537,
              15.742837492351043
            ],
            [
              74.92297668741472,
              15.743823529679162
            ],
            [
              74.92448259055084,
              15.747623244196063
            ],
            [
              74.92669765733584,
              15.75039473112922
            ],
            [
              74.92630297953366,
              15.751632655563895
            ],
            [
              74.92718900624743,
              15.754110957329885
            ],
            [
              74.92660755121679,
              15.754697217841198
            ],
            [
              74.92765970793906,
              15.755230180473902
            ],
            [
              74.92752126626596,
              15.755736493678882
            ],
            [
              74.93089923944837,
              15.762265161769747
            ],
            [
              74.93388957960951,
              15.76407716146926
            ],
            [
              74.9360215813895,
              15.76445021822282
            ],
            [
              74.93948634913869,
              15.762377347204477
            ],
            [
              74.93945866080318,
              15.766241148427582
            ],
            [
              74.94212583831288,
              15.768237899635665
            ],
            [
              74.94231965665549,
              15.769730091940076
            ],
            [
              74.94653247032488,
              15.775301368302152
            ],
            [
              74.94971662882719,
              15.774661876221629
            ],
            [
              74.95301154066993,
              15.771890720574504
            ],
            [
              74.95356530736655,
              15.772290408821434
            ],
            [
              74.9541813844022,
              15.777537426494703
            ],
            [
              74.95752212470023,
              15.782058949532725
            ],
            [
              74.95910035978358,
              15.782272106007014
            ],
            [
              74.96138026077816,
              15.784943370950899
            ],
            [
              74.96293080752747,
              15.7856361188163
            ],
            [
              74.962958495863,
              15.786542016298469
            ],
            [
              74.97113308578594,
              15.788229681411934
            ],
            [
              74.97219948657897,
              15.789644709916288
            ],
            [
              74.9743314883604,
              15.790870310708968
            ],
            [
              74.97928770029154,
              15.790843667292378
            ],
            [
              74.98150276707653,
              15.791829471375635
            ],
            [
              74.98200115710358,
              15.790870310708968
            ],
            [
              74.98136432540198,
              15.788046089044798
            ],
            [
              74.97815358821796,
              15.783249650941514
            ],
            [
              74.97931649827927,
              15.78322300652296
            ],
            [
              74.98186382508283,
              15.784128914789903
            ],
            [
              74.98446652855446,
              15.785967363239962
            ],
            [
              74.98720767370057,
              15.785114751539425
            ],
            [
              74.98668159533946,
              15.788285383166581
            ],
            [
              74.9891735454735,
              15.790789880641626
            ],
            [
              74.99022869546667,
              15.794494757325594
            ],
            [
              74.99825830737612,
              15.805631210598293
            ],
            [
              75.00133170938807,
              15.80722969295617
            ],
            [
              75.00149783939662,
              15.808268699525485
            ],
            [
              75.00387903619014,
              15.809440905661432
            ],
            [
              75.00787600858524,
              15.809523963277755
            ],
            [
              75.00956499700916,
              15.80835175762364
            ],
            [
              75.00962037367867,
              15.807126262633787
            ],
            [
              75.01219538881631,
              15.804888383070463
            ],
            [
              75.01166931045515,
              15.803876000853776
            ],
            [
              75.01247227216382,
              15.802970180894135
            ],
            [
              75.01402281891467,
              15.801078602616258
            ],
            [
              75.01484646567178,
              15.79852301398796
            ],
            [
              75.01576018072097,
              15.798016807597193
            ],
            [
              75.01581555739043,
              15.796018612121372
            ],
            [
              75.01346204893096,
              15.793087889763527
            ],
            [
              75.01706613025468,
              15.791717669628454
            ],
            [
              75.01986265208004,
              15.789905916872058
            ],
            [
              75.01719085645485,
              15.782732822422275
            ],
            [
              75.02126104167374,
              15.783985109338147
            ],
            [
              75.02281158842305,
              15.783905176362026
            ],
            [
              75.02353148512827,
              15.783185778157247
            ],
            [
              75.0242189123035,
              15.779829013208825
            ],
            [
              75.02412700034404,
              15.77664415487854
            ],
            [
              75.0191626397702,
              15.768239441886436
            ],
            [
              75.02486246451403,
              15.769743420021683
            ],
            [
              75.02944258817575,
              15.762705150815648
            ],
            [
              75.03224649846922,
              15.761378029264222
            ],
            [
              75.03339561484995,
              15.764518883647455
            ],
            [
              75.0310054167484,
              15.77119856786544
            ],
            [
              75.03254546780539,
              15.772141123603348
            ],
            [
              75.03222373213657,
              15.777449185315305
            ],
            [
              75.03320134669784,
              15.78025708463204
            ],
            [
              75.03793590107671,
              15.783486103816088
            ],
            [
              75.0412370619562,
              15.783848583245685
            ],
            [
              75.04353542032138,
              15.782698427282881
            ],
            [
              75.0442708952113,
              15.785529413601537
            ],
            [
              75.04339752439986,
              15.788006502159618
            ],
            [
              75.04450072882159,
              15.789996927953965
            ],
            [
              75.0453741097343,
              15.790748926544055
            ],
            [
              75.04675312955922,
              15.790218158656742
            ],
            [
              75.04877562875507,
              15.78698906692938
            ],
            [
              75.05355629101885,
              15.785883331767337
            ],
            [
              75.05603839120687,
              15.778275006608638
            ],
            [
              75.05844497819643,
              15.777567291630731
            ],
            [
              75.06193829084387,
              15.775753740879182
            ],
            [
              75.06382283972721,
              15.775046005506113
            ],
            [
              75.0645582723397,
              15.77650570280558
            ],
            [
              75.06203022698023,
              15.782565565385795
            ],
            [
              75.06276877148713,
              15.791727685320879
            ],
            [
              75.06488321433821,
              15.79367385913389
            ],
            [
              75.07183149006377,
              15.796378040167156
            ],
            [
              75.07454357778121,
              15.796466517334721
            ],
            [
              75.08162264139307,
              15.791954875457918
            ],
            [
              75.08176045442423,
              15.789787437485842
            ],
            [
              75.08626527719696,
              15.782886980836821
            ],
            [
              75.08764424283086,
              15.785231432880181
            ],
            [
              75.09201113197832,
              15.791424084707742
            ],
            [
              75.09375996721118,
              15.79153490251204
            ],
            [
              75.0990457687542,
              15.787509980795761
            ],
            [
              75.09983663403145,
              15.781258347533196
            ],
            [
              75.10208149487508,
              15.777301026690395
            ],
            [
              75.10456673355591,
              15.782344682770741
            ],
            [
              75.12619188663481,
              15.771761491603499
            ],
            [
              75.12668082876456,
              15.772200869243264
            ],
            [
              75.12758358742067,
              15.771890594084013
            ],
            [
              75.12732565637654,
              15.770618460970411
            ],
            [
              75.12974375991922,
              15.770277155606962
            ],
            [
              75.13090444961938,
              15.772356006644515
            ],
            [
              75.13661117398294,
              15.770556405492627
            ],
            [
              75.13683686364564,
              15.77254217136938
            ],
            [
              75.12900220816655,
              15.774652026315351
            ],
            [
              75.12429496660152,
              15.778623458434794
            ],
            [
              75.12487480602064,
              15.778810346987242
            ],
            [
              75.12478488395627,
              15.780367947181759
            ],
            [
              75.124258197585,
              15.779774577089995
            ],
            [
              75.12382143327531,
              15.779749853297915
            ],
            [
              75.12283229057704,
              15.781208551838503
            ],
            [
              75.122716019026,
              15.786055310097765
            ],
            [
              75.12610299708314,
              15.789314531290714
            ],
            [
              75.12089797483904,
              15.790109424093288
            ],
            [
              75.11833685121104,
              15.79098394382379
            ],
            [
              75.11651946254455,
              15.792414907051466
            ],
            [
              75.12056806028693,
              15.80147675521114
            ],
            [
              75.11998948682984,
              15.802987726370077
            ],
            [
              75.11627145264245,
              15.801716240112839
            ],
            [
              75.11313103960106,
              15.80020652878865
            ],
            [
              75.11081764053537,
              15.80195551138587
            ],
            [
              75.11602519049652,
              15.804893619010983
            ],
            [
              75.0971706328504,
              15.819120950946825
            ],
            [
              75.08368989517265,
              15.82189418776629
            ],
            [
              75.07746459313967,
              15.826754371027235
            ],
            [
              75.07464812326808,
              15.82731250914081
            ],
            [
              75.07530733816583,
              15.825075397122617
            ],
            [
              75.07549582367687,
              15.821538416410334
            ],
            [
              75.07073561944003,
              15.8223093188668
            ],
            [
              75.0754487172355,
              15.815824717102402
            ],
            [
              75.07950751283101,
              15.814581010681351
            ],
            [
              75.08469170963926,
              15.810635952451136
            ],
            [
              75.08485282127032,
              15.809967070291123
            ],
            [
              75.0830991669751,
              15.809771439515302
            ],
            [
              75.0815996654758,
              15.81177664600493
            ],
            [
              75.07915979862958,
              15.812779241797315
            ],
            [
              75.07623347253522,
              15.81198550351803
            ],
            [
              75.07176038331897,
              15.813501620494833
            ],
            [
              75.06879042154179,
              15.811863202803721
            ],
            [
              75.06779922563572,
              15.809662366290553
            ],
            [
              75.06413942536639,
              15.809540096893087
            ],
            [
              75.06386363923798,
              15.807534970415446
            ],
            [
              75.05715400541226,
              15.804502635689275
            ],
            [
              75.0561345881429,
              15.80290371046081
            ],
            [
              75.05311016986539,
              15.806253975081134
            ],
            [
              75.05241028366069,
              15.80836435371971
            ],
            [
              75.05365269991884,
              15.816158495433044
            ],
            [
              75.0466152802899,
              15.81236348301195
            ],
            [
              75.04428260053524,
              15.8141583256767
            ],
            [
              75.0441552029094,
              15.832418426864962
            ],
            [
              75.03378633155333,
              15.808474921244837
            ],
            [
              75.03716834257466,
              15.80421208246672
            ],
            [
              75.03377361709929,
              15.799134093445645
            ],
            [
              75.03081710621183,
              15.80136750205807
            ],
            [
              75.0291302991229,
              15.811723432011519
            ],
            [
              75.03061858907117,
              15.813964722442392
            ],
            [
              75.0278014699862,
              15.815574072828099
            ],
            [
              75.02796279526203,
              15.82084512362043
            ],
            [
              75.02721489193644,
              15.824147844901077
            ],
            [
              75.02788982671686,
              15.825051295934315
            ],
            [
              75.02797786168892,
              15.827027580990688
            ],
            [
              75.02035741344542,
              15.82176331672737
            ],
            [
              75.01658420441186,
              15.824629290459512
            ],
            [
              75.01638924473471,
              15.82604176398317
            ],
            [
              75.01384729338659,
              15.830780051646414
            ],
            [
              75.01194082987436,
              15.832805253610701
            ],
            [
              75.01199367249913,
              15.833669495642553
            ],
            [
              75.01154451021281,
              15.835067526396301
            ],
            [
              75.01207293643256,
              15.8363384550495
            ],
            [
              75.00988114750291,
              15.838090108360078
            ],
            [
              75.00845439671056,
              15.837149630082038
            ],
            [
              75.00599721479028,
              15.837581742266877
            ],
            [
              75.00650454636474,
              15.827728235326276
            ],
            [
              75.00402147964485,
              15.824366232307128
            ],
            [
              75.00217198787644,
              15.823908671805171
            ],
            [
              75.00153787641298,
              15.823222329110166
            ],
            [
              75.0012736633038,
              15.823679891165526
            ],
            [
              74.99789173549931,
              15.821976738267452
            ],
            [
              74.99546097488923,
              15.82151917235744
            ],
            [
              74.9928188544198,
              15.824061185597557
            ],
            [
              74.99173558067,
              15.823756144917482
            ],
            [
              74.98872355121836,
              15.826425235260345
            ],
            [
              74.98626636929811,
              15.827111567080394
            ],
            [
              74.98650416109706,
              15.821620847270225
            ],
            [
              74.98737623045255,
              15.820638204777609
            ],
            [
              74.98793107798255,
              15.818706239990291
            ],
            [
              74.98761402225009,
              15.81707930795885
            ],
            [
              74.98573810917145,
              15.816011626700885
            ],
            [
              74.98727054520748,
              15.815579468399022
            ],
            [
              74.98877655993337,
              15.814664306593713
            ],
            [
              74.9881952910917,
              15.814511779223906
            ],
            [
              74.98898793042068,
              15.813672876632452
            ],
            [
              74.9890536412095,
              15.810264095162225
            ],
            [
              74.98789110352632,
              15.809298065532673
            ],
            [
              74.98760046910544,
              15.80825576523381
            ],
            [
              74.98614729700287,
              15.806527060219935
            ],
            [
              74.98540750029579,
              15.806527060219935
            ],
            [
              74.98450917572177,
              15.805967770142047
            ],
            [
              74.98374295770441,
              15.80673043804643
            ],
            [
              74.98205199277999,
              15.803349248176787
            ],
            [
              74.98046671412212,
              15.80202726656698
            ],
            [
              74.97753394827146,
              15.80154423250606
            ],
            [
              74.97470856554705,
              15.803603474198667
            ],
            [
              74.96995161920557,
              15.799746954911512
            ],
            [
              74.96760012252895,
              15.800331685197179
            ],
            [
              74.96625263528497,
              15.799441877780168
            ],
            [
              74.96627905659523,
              15.800585915438631
            ],
            [
              74.96590915824237,
              15.800687607362633
            ],
            [
              74.96461451400381,
              15.797204629901415
            ],
            [
              74.95925909111733,
              15.794532024625425
            ],
            [
              74.95757478545912,
              15.794540424398207
            ],
            [
              74.95371727405802,
              15.799065800666554
            ],
            [
              74.95023197278198,
              15.798922956017748
            ],
            [
              74.94317748275213,
              15.80408379904324
            ],
            [
              74.94394370077089,
              15.80057545701844
            ],
            [
              74.94249052866687,
              15.799482265558808
            ],
            [
              74.94352095979474,
              15.798897532820135
            ],
            [
              74.94452496961108,
              15.79920261098141
            ],
            [
              74.9469028875993,
              15.794092491157969
            ],
            [
              74.94846571066978,
              15.7936527785604
            ],
            [
              74.95031520243683,
              15.791313770155483
            ],
            [
              74.95005098932768,
              15.789508647381183
            ],
            [
              74.95039446637026,
              15.788466245214735
            ],
            [
              74.94870350246876,
              15.786889919557723
            ],
            [
              74.94592926481599,
              15.7868136454248
            ],
            [
              74.94360418945104,
              15.78775435772691
            ],
            [
              74.94193964685971,
              15.78676279598686
            ],
            [
              74.93973716238867,
              15.78426199974507
            ],
            [
              74.93781958767266,
              15.78398306057153
            ],
            [
              74.9377403237392,
              15.782304998945833
            ],
            [
              74.93715905489901,
              15.781821918024221
            ],
            [
              74.93795169422793,
              15.780576072439388
            ],
            [
              74.93731758276448,
              15.780423519392983
            ],
            [
              74.93766105980717,
              15.77933021919877
            ],
            [
              74.93616905246537,
              15.774577102041349
            ],
            [
              74.93268143941714,
              15.773534623095983
            ],
            [
              74.9267894870705,
              15.773560049475435
            ],
            [
              74.92213933634048,
              15.777526525641306
            ],
            [
              74.9237246149984,
              15.771576782304066
            ],
            [
              74.92459843812512,
              15.77079502343257
            ],
            [
              74.92480980861251,
              15.767972637384958
            ],
            [
              74.92303958077753,
              15.76453995279752
            ],
            [
              74.92176942328331,
              15.763988802715119
            ],
            [
              74.9205540429783,
              15.762869986228964
            ],
            [
              74.9188366577651,
              15.761446029054682
            ],
            [
              74.91524335947327,
              15.760759474705239
            ],
            [
              74.91479419718695,
              15.761090038200365
            ],
            [
              74.9113594267605,
              15.760454338693435
            ],
            [
              74.909997755141,
              15.761743642703067
            ],
            [
              74.90931080105574,
              15.761438508170585
            ],
            [
              74.90722351748968,
              15.761870781955977
            ],
            [
              74.90666866995969,
              15.761209656970067
            ],
            [
              74.9016313982566,
              15.76366177242852
            ],
            [
              74.89838157662493,
              15.766357082230371
            ],
            [
              74.89775910707269,
              15.765536753465454
            ],
            [
              74.89774627837275,
              15.765018216421197
            ],
            [
              74.89727161649,
              15.76552440736043
            ],
            [
              74.89682261200568,
              15.765030562557016
            ],
            [
              74.89725878779018,
              15.764709562789776
            ],
            [
              74.89698938509986,
              15.763351481233144
            ],
            [
              74.89544994115417,
              15.761993390589694
            ],
            [
              74.89480850617596,
              15.762709475879788
            ],
            [
              74.89477002007774,
              15.763721868013192
            ],
            [
              74.8957578299428,
              15.765265138988156
            ],
            [
              74.89270460671167,
              15.765240445905278
            ],
            [
              74.89249934751928,
              15.766561476698257
            ],
            [
              74.89117799146595,
              15.767450389775888
            ],
            [
              74.88886882554615,
              15.768561525645808
            ],
            [
              74.88620706035206,
              15.76868444388883
            ],
            [
              74.88487907293359,
              15.770473650019426
            ],
            [
              74.88418851514598,
              15.768326597568432
            ],
            [
              74.88509154856791,
              15.766179518814354
            ],
            [
              74.8865257761471,
              15.765719430529089
            ],
            [
              74.88604769923415,
              15.764185783698409
            ],
            [
              74.88748192988604,
              15.763470078515041
            ],
            [
              74.88291363811604,
              15.759329159819515
            ],
            [
              74.87534295144786,
              15.75627513370371
            ]
          ]
        ],
        "type": "Polygon"
      },
      "id": 2
    },
    {
      "type": "Feature",
      "properties": {
        "Name": "Hidkal Dam"
      },
      "geometry": {
        "coordinates": [
          [
            [
              74.51852795564051,
              16.07624997354631
            ],
            [
              74.51853160480988,
              16.06560879753542
            ],
            [
              74.52301380595713,
              16.06923324784104
            ],
            [
              74.52459709748717,
              16.068473842688817
            ],
            [
              74.52661996917186,
              16.068727879668813
            ],
            [
              74.5253015108517,
              16.07066997146464
            ],
            [
              74.52864568008715,
              16.071684140735158
            ],
            [
              74.52899557043136,
              16.069994924512002
            ],
            [
              74.53093237469693,
              16.070923850535635
            ],
            [
              74.53251012140674,
              16.07033534396136
            ],
            [
              74.54402755271894,
              16.074813488977156
            ],
            [
              74.54541187403123,
              16.074676198304942
            ],
            [
              74.54734119657527,
              16.075254243795086
            ],
            [
              74.55001957699858,
              16.070962574294526
            ],
            [
              74.55147069360956,
              16.071445463574463
            ],
            [
              74.54756479955438,
              16.078205000194345
            ],
            [
              74.55290304316952,
              16.08101809956915
            ],
            [
              74.55636461499549,
              16.081018103199924
            ],
            [
              74.56172431234421,
              16.07881856856946
            ],
            [
              74.56351179661618,
              16.08021344120324
            ],
            [
              74.56406999829608,
              16.079247744063807
            ],
            [
              74.5635672196697,
              16.078228417617666
            ],
            [
              74.56434868023453,
              16.076779921799897
            ],
            [
              74.56356623316807,
              16.074795131491214
            ],
            [
              74.56552050160653,
              16.076028954497616
            ],
            [
              74.56624496234437,
              16.080588787122636
            ],
            [
              74.56200393985793,
              16.085363602685547
            ],
            [
              74.56205944442183,
              16.088099383445353
            ],
            [
              74.56172487355872,
              16.089816332453495
            ],
            [
              74.56382342689517,
              16.089826647821695
            ],
            [
              74.5663357453945,
              16.08816360060335
            ],
            [
              74.56868094241003,
              16.088271015516312
            ],
            [
              74.56862594412652,
              16.091382972299627
            ],
            [
              74.5701331808115,
              16.09073902770058
            ],
            [
              74.57186293144738,
              16.088217205964682
            ],
            [
              74.57505933013596,
              16.094983805500362
            ],
            [
              74.57617569730425,
              16.09664657995002
            ],
            [
              74.57734878930628,
              16.09804168342984
            ],
            [
              74.57863172935345,
              16.097397267059065
            ],
            [
              74.57885380305694,
              16.095036521927042
            ],
            [
              74.58058517138872,
              16.09299851883641
            ],
            [
              74.58164218034742,
              16.092997406608603
            ],
            [
              74.58052799957673,
              16.095411737766
            ],
            [
              74.5796690614738,
              16.098380512307116
            ],
            [
              74.57933542272892,
              16.10041969935611
            ],
            [
              74.58168016557457,
              16.10251158653469
            ],
            [
              74.58525398154126,
              16.102350995389088
            ],
            [
              74.58891795715252,
              16.099678506617693
            ],
            [
              74.59020282355362,
              16.09983979704407
            ],
            [
              74.58785815919074,
              16.102415290278543
            ],
            [
              74.5886394150593,
              16.10332683524068
            ],
            [
              74.58495765079826,
              16.10740605383289
            ],
            [
              74.58640959718778,
              16.11250289210298
            ],
            [
              74.58830827301506,
              16.113253894083044
            ],
            [
              74.5904294520785,
              16.11228652036928
            ],
            [
              74.59057846702859,
              16.11416444687663
            ],
            [
              74.59007616604237,
              16.115130256296467
            ],
            [
              74.58968547777437,
              16.11802742155909
            ],
            [
              74.59451574568658,
              16.124133277599725
            ],
            [
              74.59468335985241,
              16.125528230065257
            ],
            [
              74.59719620536598,
              16.125313587698443
            ],
            [
              74.59820106447566,
              16.124562370318316
            ],
            [
              74.60043502127186,
              16.12708385453044
            ],
            [
              74.60445585234078,
              16.127083977571687
            ],
            [
              74.60618637623807,
              16.12520619825621
            ],
            [
              74.6058509297279,
              16.122416685275766
            ],
            [
              74.60914687534711,
              16.12300692648752
            ],
            [
              74.60964901269642,
              16.121826666449934
            ],
            [
              74.6089773229065,
              16.119251824409687
            ],
            [
              74.6103177439829,
              16.119198145760393
            ],
            [
              74.61540147469665,
              16.12188033867517
            ],
            [
              74.61768266308692,
              16.11565889097568
            ],
            [
              74.61595186861351,
              16.111099561870148
            ],
            [
              74.61734764015628,
              16.11185033744863
            ],
            [
              74.61924598633652,
              16.110455697389256
            ],
            [
              74.62142365116935,
              16.11431783165797
            ],
            [
              74.62363568023179,
              16.114487021164777
            ],
            [
              74.62514332941126,
              16.115989017244274
            ],
            [
              74.6273768825271,
              16.116632747438942
            ],
            [
              74.62670706669323,
              16.116886359646003
            ],
            [
              74.62583632811959,
              16.117475722504267
            ],
            [
              74.6246687468516,
              16.116848336175693
            ],
            [
              74.62447085172067,
              16.116620195200014
            ],
            [
              74.6240156929224,
              16.116905371377854
            ],
            [
              74.62389695584346,
              16.118027060365478
            ],
            [
              74.6242729565918,
              16.11838828089175
            ],
            [
              74.62458958879961,
              16.118008048741146
            ],
            [
              74.62478748393056,
              16.119262812072847
            ],
            [
              74.62565822250212,
              16.120460533300104
            ],
            [
              74.62797359552664,
              16.11964304181801
            ],
            [
              74.62900265020431,
              16.117228570551305
            ],
            [
              74.6304604424304,
              16.11672714151004
            ],
            [
              74.6312322334386,
              16.11577655180068
            ],
            [
              74.63186549785632,
              16.111213657769355
            ],
            [
              74.6332903425189,
              16.113552154148223
            ],
            [
              74.6340553482317,
              16.113470873202502
            ],
            [
              74.63542082463061,
              16.114649617469397
            ],
            [
              74.63607387856189,
              16.114459497899716
            ],
            [
              74.63621240515226,
              16.11381309000187
            ],
            [
              74.63716230177789,
              16.11402222219955
            ],
            [
              74.6354406141441,
              16.117425342420333
            ],
            [
              74.63524154030529,
              16.118485964571647
            ],
            [
              74.63599354179993,
              16.119968862263704
            ],
            [
              74.63811268177679,
              16.12289788063707
            ],
            [
              74.63886468327146,
              16.123087992114137
            ],
            [
              74.63997289600101,
              16.122669746622933
            ],
            [
              74.64224276161204,
              16.12373912206725
            ],
            [
              74.64333118513764,
              16.12410033235713
            ],
            [
              74.64457792445754,
              16.12410033235713
            ],
            [
              74.6463985596568,
              16.123967255021554
            ],
            [
              74.6466162442992,
              16.122332297609802
            ],
            [
              74.64730967926596,
              16.122257299721966
            ],
            [
              74.64776483806631,
              16.123055769282672
            ],
            [
              74.64827936540505,
              16.123607091625075
            ],
            [
              74.64780441709124,
              16.124614676772595
            ],
            [
              74.6472621258813,
              16.12727043627652
            ],
            [
              74.64815265396848,
              16.129361606356568
            ],
            [
              74.64455339280613,
              16.135598975951567
            ],
            [
              74.64418145687469,
              16.137112453832117
            ],
            [
              74.6434096658665,
              16.14106645127346
            ],
            [
              74.64234712623008,
              16.144327067279377
            ],
            [
              74.64183259889128,
              16.144441121848175
            ],
            [
              74.64018952348852,
              16.150374796988814
            ],
            [
              74.63745846752906,
              16.152671313464353
            ],
            [
              74.6342358261,
              16.16126365704166
            ],
            [
              74.62966713104828,
              16.160446442737666
            ],
            [
              74.62717002621784,
              16.16167448858735
            ],
            [
              74.62648074657238,
              16.163860682853482
            ],
            [
              74.62258046507986,
              16.162807891791473
            ],
            [
              74.62007821119556,
              16.16350955202377
            ],
            [
              74.6175038070578,
              16.16178450685001
            ],
            [
              74.61750289708937,
              16.160849363060194
            ],
            [
              74.61703887675827,
              16.160184922700807
            ],
            [
              74.61720990365896,
              16.15943397649704
            ],
            [
              74.61723433607261,
              16.156312825778414
            ],
            [
              74.61645249881403,
              16.1545762243518
            ],
            [
              74.61427801393779,
              16.15403646674892
            ],
            [
              74.61212796147649,
              16.1554210593835
            ],
            [
              74.61211335866449,
              16.156279967623945
            ],
            [
              74.61138038623454,
              16.155881019930604
            ],
            [
              74.61076957587665,
              16.156467707437486
            ],
            [
              74.61008546827529,
              16.15620956514904
            ],
            [
              74.61054968414743,
              16.155763682221405
            ],
            [
              74.60893714480045,
              16.155693279561447
            ],
            [
              74.60857065858542,
              16.156256500135527
            ],
            [
              74.60730723608665,
              16.15613913979115
            ],
            [
              74.60554810225392,
              16.155317775430532
            ],
            [
              74.60394032404639,
              16.15366115606811
            ],
            [
              74.59993470481646,
              16.155496456744714
            ],
            [
              74.60042917808818,
              16.158456377227594
            ],
            [
              74.60277241229221,
              16.15910718997199
            ],
            [
              74.60153789738968,
              16.160884098604598
            ],
            [
              74.59074372259158,
              16.1644311648148
            ],
            [
              74.57757645034619,
              16.16064143820212
            ],
            [
              74.57307752959915,
              16.163067972134172
            ],
            [
              74.56913348097581,
              16.162416351889306
            ],
            [
              74.57042716612114,
              16.161469623928696
            ],
            [
              74.56426354281265,
              16.15821363425205
            ],
            [
              74.56272300452878,
              16.157207131805507
            ],
            [
              74.5627847623393,
              16.156496702863024
            ],
            [
              74.56186054891461,
              16.155490254354476
            ],
            [
              74.56148868670184,
              16.150694882230752
            ],
            [
              74.55894979718087,
              16.147546035509492
            ],
            [
              74.55679226317017,
              16.148315374998276
            ],
            [
              74.55535794734149,
              16.148422264309787
            ],
            [
              74.55382734400587,
              16.149295201074736
            ],
            [
              74.5517865395594,
              16.1491879985214
            ],
            [
              74.55145172008005,
              16.149494291376527
            ],
            [
              74.55165898928169,
              16.15119420810221
            ],
            [
              74.55043131628514,
              16.15163832351692
            ],
            [
              74.54888476916605,
              16.150413162528864
            ],
            [
              74.54770492909489,
              16.151745524742623
            ],
            [
              74.54702806134998,
              16.152524146490762
            ],
            [
              74.5450191444738,
              16.152340373649423
            ],
            [
              74.543010227596,
              16.152692604779062
            ],
            [
              74.54273918325546,
              16.151911569688366
            ],
            [
              74.54312183408857,
              16.150625152228542
            ],
            [
              74.54313777787368,
              16.14953781666243
            ],
            [
              74.54369810939127,
              16.148723842099656
            ],
            [
              74.54412817615898,
              16.147047942160953
            ],
            [
              74.54447893942356,
              16.145884012401126
            ],
            [
              74.54431950157559,
              16.14560834382435
            ],
            [
              74.54431950157559,
              16.14498043063162
            ],
            [
              74.54152933924479,
              16.145148895342388
            ],
            [
              74.53990307320174,
              16.145148895342388
            ],
            [
              74.53995090455544,
              16.144750705795147
            ],
            [
              74.54070026280041,
              16.143984954569333
            ],
            [
              74.54091503385573,
              16.14271937693526
            ],
            [
              74.53958547943517,
              16.141760767946167
            ],
            [
              74.53716202442578,
              16.139264370021323
            ],
            [
              74.53539226431991,
              16.14065806855804
            ],
            [
              74.53410354455445,
              16.1404757675802
            ],
            [
              74.53400788184533,
              16.13836224093454
            ],
            [
              74.53383455043374,
              16.136924757011613
            ],
            [
              74.53260687900888,
              16.136327447578154
            ],
            [
              74.53192129626501,
              16.13667970720607
            ],
            [
              74.53110816324346,
              16.135944555968464
            ],
            [
              74.53150675786168,
              16.135132823306506
            ],
            [
              74.53021531129795,
              16.134673350514134
            ],
            [
              74.52934407545098,
              16.134325834522528
            ],
            [
              74.5291527500344,
              16.132304138025575
            ],
            [
              74.52990210791714,
              16.13210503043618
            ],
            [
              74.53103411663457,
              16.1327329844613
            ],
            [
              74.53203857507265,
              16.132610457002386
            ],
            [
              74.53304303351075,
              16.133881675696912
            ],
            [
              74.53380833517858,
              16.133314988852987
            ],
            [
              74.53553026393072,
              16.133437515875286
            ],
            [
              74.53891114466032,
              16.133993420463298
            ],
            [
              74.53972427768187,
              16.133855577944374
            ],
            [
              74.54198829511506,
              16.132614990958018
            ],
            [
              74.5426260465052,
              16.132921309454943
            ],
            [
              74.54257821515148,
              16.133396102188982
            ],
            [
              74.54350295466557,
              16.134361000044507
            ],
            [
              74.54546825216707,
              16.1341495057776
            ],
            [
              74.54624949762004,
              16.133521556243267
            ],
            [
              74.54680753061729,
              16.13208185956843
            ],
            [
              74.54875531841446,
              16.132330491450702
            ],
            [
              74.54980760820791,
              16.132376439320893
            ],
            [
              74.55216728835026,
              16.131840380166096
            ],
            [
              74.5537804028558,
              16.13237609552118
            ],
            [
              74.55488052409208,
              16.133631999988395
            ],
            [
              74.55479009328181,
              16.134816972370913
            ],
            [
              74.55332326508497,
              16.136670171435682
            ],
            [
              74.55322760237755,
              16.13778820876486
            ],
            [
              74.55354647810512,
              16.138416144651245
            ],
            [
              74.55584238313878,
              16.13827830532773
            ],
            [
              74.556876602013,
              16.13856600600137
            ],
            [
              74.55716359013866,
              16.13925520124235
            ],
            [
              74.55808832965275,
              16.139699348015824
            ],
            [
              74.55883768753549,
              16.13936240917552
            ],
            [
              74.5595232702793,
              16.139975024822434
            ],
            [
              74.56043206600995,
              16.139775924945184
            ],
            [
              74.56075094170586,
              16.13919393954039
            ],
            [
              74.56043206600995,
              16.13833627372125
            ],
            [
              74.5597783708364,
              16.137892123890992
            ],
            [
              74.55958704541817,
              16.137049768027055
            ],
            [
              74.56049584114879,
              16.135334414100086
            ],
            [
              74.56086558106472,
              16.134962838764153
            ],
            [
              74.56092935620356,
              16.134059207149917
            ],
            [
              74.56067425564817,
              16.133155571413056
            ],
            [
              74.55907987717367,
              16.130490587777686
            ],
            [
              74.5585630449616,
              16.128693042373698
            ],
            [
              74.55794123735657,
              16.12783533108336
            ],
            [
              74.55736726110527,
              16.12575230249182
            ],
            [
              74.55735358908456,
              16.120348008657672
            ],
            [
              74.5582495237025,
              16.119313290320733
            ],
            [
              74.5592082774946,
              16.11909885271487
            ],
            [
              74.56000546673266,
              16.119420509061754
            ],
            [
              74.56112153166336,
              16.118501489542922
            ],
            [
              74.56158390142204,
              16.117368026269133
            ],
            [
              74.56249269715275,
              16.116923829434924
            ],
            [
              74.56325101822091,
              16.115127881433892
            ],
            [
              74.56522804782693,
              16.113887177131247
            ],
            [
              74.56478287527659,
              16.113317846483085
            ],
            [
              74.56487853798404,
              16.112567291096155
            ],
            [
              74.56825011649315,
              16.10944122072435
            ],
            [
              74.56750075861046,
              16.109088912685138
            ],
            [
              74.56491786548133,
              16.110835129006375
            ],
            [
              74.56195232151913,
              16.113086806309013
            ],
            [
              74.559798508402,
              16.115548019384292
            ],
            [
              74.5558603935703,
              16.118335740313853
            ],
            [
              74.55202356031617,
              16.11848725866612
            ],
            [
              74.54972765531275,
              16.117215941217594
            ],
            [
              74.54810138926962,
              16.117752039930807
            ],
            [
              74.54549456889654,
              16.11812252368891
            ],
            [
              74.54500031157093,
              16.11789276770439
            ],
            [
              74.54488870507669,
              16.115472655162847
            ],
            [
              74.54418439837107,
              16.114205685896167
            ],
            [
              74.54479026219096,
              16.11210719656897
            ],
            [
              74.54510013585752,
              16.11004538203808
            ],
            [
              74.54677621908002,
              16.108608393359546
            ],
            [
              74.54677468847757,
              16.107214469431966
            ],
            [
              74.54710950795862,
              16.105897125730777
            ],
            [
              74.54695007011065,
              16.10497804354989
            ],
            [
              74.54518031000308,
              16.10533035888932
            ],
            [
              74.54452661482952,
              16.107045972469564
            ],
            [
              74.54323516826577,
              16.109619365025424
            ],
            [
              74.54158849674008,
              16.11116675595845
            ],
            [
              74.54037676910036,
              16.11154969543938
            ],
            [
              74.53919692902915,
              16.112836366678323
            ],
            [
              74.53830044276378,
              16.110530486146672
            ],
            [
              74.53720701838873,
              16.10830762673065
            ],
            [
              74.53628604839378,
              16.107122538948147
            ],
            [
              74.53549785637753,
              16.10567916621119
            ],
            [
              74.53420640981216,
              16.103350813862704
            ],
            [
              74.53337733300714,
              16.10250831121712
            ],
            [
              74.5314003036979,
              16.102385765079973
            ],
            [
              74.53044367661354,
              16.10197217130738
            ],
            [
              74.52935949925148,
              16.10194153469743
            ],
            [
              74.53017905636219,
              16.101176702828354
            ],
            [
              74.53097624559862,
              16.100732469739782
            ],
            [
              74.53166182834246,
              16.10060992250625
            ],
            [
              74.5331039102287,
              16.09800280683355
            ],
            [
              74.5336772831177,
              16.097827138992415
            ],
            [
              74.53425125936732,
              16.095345506446435
            ],
            [
              74.53664759596111,
              16.09421347513772
            ],
            [
              74.53918607750245,
              16.094259025591896
            ],
            [
              74.54127471330418,
              16.09306414787774
            ],
            [
              74.54376194372426,
              16.089418194522267
            ],
            [
              74.54410621907252,
              16.088294825288656
            ],
            [
              74.54395526733754,
              16.085961050171363
            ],
            [
              74.54221739480022,
              16.083402670700707
            ],
            [
              74.5401409133811,
              16.082172391311346
            ],
            [
              74.53943938685214,
              16.081482997720244
            ],
            [
              74.53948721820586,
              16.079491402801978
            ],
            [
              74.53897916428991,
              16.07814735599021
            ],
            [
              74.53695430362694,
              16.076799178989276
            ],
            [
              74.53521643108957,
              16.07624764939864
            ],
            [
              74.53336695205974,
              16.07641617249132
            ],
            [
              74.53256976282327,
              16.07758050995581
            ],
            [
              74.53140586653561,
              16.0787142004083
            ],
            [
              74.53118265355047,
              16.077917553738743
            ],
            [
              74.53095944056369,
              16.076891100438687
            ],
            [
              74.53005826045768,
              16.076469385635022
            ],
            [
              74.52812906250375,
              16.077020914610543
            ],
            [
              74.52498813691014,
              16.077158796615365
            ],
            [
              74.51852795564051,
              16.07624997354631
            ]
          ]
        ],
        "type": "Polygon"
      }
    },
    {
      "type": "Feature",
      "properties": {
        "Name": "Bhadra Dam"
      },
      "geometry": {
        "coordinates": [
          [
            [
              75.5548993275041,
              13.563773193295404
            ],
            [
              75.55903642630616,
              13.5629303411676
            ],
            [
              75.5610680891781,
              13.564339978440131
            ],
            [
              75.56462577137506,
              13.561024839252553
            ],
            [
              75.56143032841919,
              13.560176660690843
            ],
            [
              75.56244415419673,
              13.556578365377817
            ],
            [
              75.56484253511164,
              13.556085073975723
            ],
            [
              75.56556781665512,
              13.553545015761358
            ],
            [
              75.56593265805034,
              13.551427536560993
            ],
            [
              75.56295758292114,
              13.551144532681946
            ],
            [
              75.56160759557875,
              13.555483528327514
            ],
            [
              75.55826773029344,
              13.556682706827061
            ],
            [
              75.55935711913301,
              13.554777900356697
            ],
            [
              75.55826864389351,
              13.552943051484121
            ],
            [
              75.5592851960948,
              13.550896190958213
            ],
            [
              75.55812333966671,
              13.54892087734764
            ],
            [
              75.55732526519571,
              13.546872489556804
            ],
            [
              75.55674434850965,
              13.545673314296948
            ],
            [
              75.55572797196072,
              13.544050324870796
            ],
            [
              75.55296942762817,
              13.54327444729796
            ],
            [
              75.54897745203408,
              13.544757533523565
            ],
            [
              75.54651119614536,
              13.54377169258882
            ],
            [
              75.54788929996334,
              13.542218172339986
            ],
            [
              75.54934885810201,
              13.54223100277214
            ],
            [
              75.55027001425216,
              13.54000492139464
            ],
            [
              75.55145435799596,
              13.539876984975507
            ],
            [
              75.55446545863899,
              13.539060806834499
            ],
            [
              75.55554452727173,
              13.538114072500903
            ],
            [
              75.55609722096125,
              13.538037310092733
            ],
            [
              75.55580771474257,
              13.537244097090124
            ],
            [
              75.55309688378767,
              13.537883785202084
            ],
            [
              75.5538074899597,
              13.536399706149211
            ],
            [
              75.55293897130511,
              13.534890030031818
            ],
            [
              75.55114929649898,
              13.53481326658374
            ],
            [
              75.55135984647569,
              13.533559460090828
            ],
            [
              75.55301834179971,
              13.532887573727464
            ],
            [
              75.55067597330398,
              13.529842579015337
            ],
            [
              75.55134804429446,
              13.528812660801009
            ],
            [
              75.55111117557138,
              13.527686765672485
            ],
            [
              75.54913726953487,
              13.52878707233451
            ],
            [
              75.54821611338471,
              13.528403245006587
            ],
            [
              75.54818979463838,
              13.52758441130537
            ],
            [
              75.55016370067335,
              13.52589555790604
            ],
            [
              75.5501818508111,
              13.524853476690964
            ],
            [
              75.55133987568576,
              13.523906685859046
            ],
            [
              75.5521294380998,
              13.52393227484987
            ],
            [
              75.55155042566238,
              13.523062247617702
            ],
            [
              75.5504976757762,
              13.523574028727467
            ],
            [
              75.55047135702975,
              13.522857534866503
            ],
            [
              75.55102405071929,
              13.521987503709369
            ],
            [
              75.553744070086,
              13.521737723571349
            ],
            [
              75.55516528248219,
              13.522428631835396
            ],
            [
              75.55452731570188,
              13.523422512239335
            ],
            [
              75.55535066618003,
              13.525996863734477
            ],
            [
              75.55480023049043,
              13.526733088512657
            ],
            [
              75.55558979290589,
              13.527603102335902
            ],
            [
              75.55627408033152,
              13.528063696602644
            ],
            [
              75.55627739181247,
              13.529493604061273
            ],
            [
              75.55683008550204,
              13.53069625544714
            ],
            [
              75.55690904174406,
              13.531873312624057
            ],
            [
              75.55783019789277,
              13.53230831054249
            ],
            [
              75.55861976030818,
              13.531489490271184
            ],
            [
              75.55817234160563,
              13.530210077958955
            ],
            [
              75.5590408602616,
              13.529442427271874
            ],
            [
              75.55875135404298,
              13.52928889683713
            ],
            [
              75.55811970411136,
              13.52867477410939
            ],
            [
              75.5577512416522,
              13.527600055525227
            ],
            [
              75.55922509149192,
              13.527216226284082
            ],
            [
              75.55783019789277,
              13.52493882672917
            ],
            [
              75.5578038791464,
              13.524222336973168
            ],
            [
              75.55730382295101,
              13.523557023127054
            ],
            [
              75.55859344156045,
              13.5235314340959
            ],
            [
              75.55911981650357,
              13.523633790203945
            ],
            [
              75.55888294777904,
              13.521919319589841
            ],
            [
              75.56001465390597,
              13.523249954571341
            ],
            [
              75.5612516350212,
              13.522840529214903
            ],
            [
              75.56364664101113,
              13.52314759829838
            ],
            [
              75.5614095475051,
              13.524222336973168
            ],
            [
              75.56177800996434,
              13.526371799775617
            ],
            [
              75.56019888513629,
              13.52639738850229
            ],
            [
              75.56133059126313,
              13.529263308421804
            ],
            [
              75.56304210640926,
              13.52887871270488
            ],
            [
              75.56354216260604,
              13.52936489291153
            ],
            [
              75.56309474427212,
              13.531539897678016
            ],
            [
              75.56338425105639,
              13.532947243419358
            ],
            [
              75.56381587851001,
              13.533842822463086
            ],
            [
              75.56753681157087,
              13.533105627413605
            ],
            [
              75.5683790114791,
              13.535306185566526
            ],
            [
              75.56764208655926,
              13.53748113584193
            ],
            [
              75.5645364743973,
              13.537404373229563
            ],
            [
              75.56243097462604,
              13.539323431113857
            ],
            [
              75.56070117471089,
              13.54022193722075
            ],
            [
              75.5614907371249,
              13.542064211269846
            ],
            [
              75.56120123090622,
              13.543983231566799
            ],
            [
              75.5622802995695,
              13.54457172789067
            ],
            [
              75.56563894552104,
              13.541629231051886
            ],
            [
              75.56724438909694,
              13.542499190429169
            ],
            [
              75.56984994506357,
              13.541450121373757
            ],
            [
              75.56977098882297,
              13.544648488190447
            ],
            [
              75.57035219595787,
              13.545600153188445
            ],
            [
              75.57243137698129,
              13.544141709089772
            ],
            [
              75.57303670844342,
              13.545932779676903
            ],
            [
              75.57490533949007,
              13.5459583662998
            ],
            [
              75.57498429573215,
              13.547084174984363
            ],
            [
              75.57241843290066,
              13.549373295099528
            ],
            [
              75.57333958905082,
              13.550959637562812
            ],
            [
              75.57226052041807,
              13.553620575342208
            ],
            [
              75.5742870639474,
              13.553441474695646
            ],
            [
              75.57515558260337,
              13.550754948807267
            ],
            [
              75.5769189386618,
              13.55195749272086
            ],
            [
              75.57801234420629,
              13.55083510964944
            ],
            [
              75.57904892978942,
              13.551755135231573
            ],
            [
              75.57944199031101,
              13.551067583848976
            ],
            [
              75.58001695265938,
              13.551191796314512
            ],
            [
              75.58134256029504,
              13.551564433319228
            ],
            [
              75.5810870214726,
              13.552946290448304
            ],
            [
              75.58151824323392,
              13.553039449067455
            ],
            [
              75.58124673323641,
              13.553955506870807
            ],
            [
              75.58273205263427,
              13.55502682422997
            ],
            [
              75.5826929205648,
              13.556606103042768
            ],
            [
              75.5821455245582,
              13.556722841554347
            ],
            [
              75.58200178397112,
              13.557669937423668
            ],
            [
              75.58283228514028,
              13.55858597737793
            ],
            [
              75.58358293042755,
              13.558741238036717
            ],
            [
              75.58324673198271,
              13.559645326126272
            ],
            [
              75.58364601139226,
              13.560375047087717
            ],
            [
              75.58348629962845,
              13.560887403019407
            ],
            [
              75.584444570208,
              13.561337654289673
            ],
            [
              75.58447651256142,
              13.561850008145086
            ],
            [
              75.5843008296209,
              13.562533144898978
            ],
            [
              75.58599376095026,
              13.562781554193975
            ],
            [
              75.58592987624505,
              13.562346831486835
            ],
            [
              75.58620138624255,
              13.560390569458193
            ],
            [
              75.58787835975764,
              13.560048998245435
            ],
            [
              75.58741519564288,
              13.56172579766735
            ],
            [
              75.58751102270153,
              13.563961511816842
            ],
            [
              75.58607361683215,
              13.563868357481041
            ],
            [
              75.58583404918645,
              13.564318603099522
            ],
            [
              75.58639304035808,
              13.565079360999178
            ],
            [
              75.5876068497601,
              13.565125937933743
            ],
            [
              75.58902265476539,
              13.56536137363689
            ],
            [
              75.5893101359396,
              13.565811616425393
            ],
            [
              75.59146624474445,
              13.567612579040329
            ],
            [
              75.59334245888235,
              13.569661171281098
            ],
            [
              75.59484374945694,
              13.568403614848378
            ],
            [
              75.59573813533129,
              13.569133308898756
            ],
            [
              75.59390145005406,
              13.569987203342535
            ],
            [
              75.59401539908907,
              13.572123777412926
            ],
            [
              75.59473410202452,
              13.572496381581118
            ],
            [
              75.59618613515752,
              13.576120374109664
            ],
            [
              75.59618406804304,
              13.579561583046527
            ],
            [
              75.59650349156902,
              13.580073897566777
            ],
            [
              75.59786104155813,
              13.580244668827604
            ],
            [
              75.598483917435,
              13.579157940524155
            ],
            [
              75.5987394562558,
              13.580120471558672
            ],
            [
              75.59950606059238,
              13.580943283337447
            ],
            [
              75.60024073470291,
              13.580865660280722
            ],
            [
              75.60057612940733,
              13.581377971984196
            ],
            [
              75.60339060385922,
              13.582038506450957
            ],
            [
              75.60761114659593,
              13.58193166573244
            ],
            [
              75.60404834261206,
              13.585181705440874
            ],
            [
              75.60070499291052,
              13.583423583873554
            ],
            [
              75.59610096786432,
              13.58571442208033
            ],
            [
              75.59544309661405,
              13.584062734742176
            ],
            [
              75.59171644178974,
              13.588271658351289
            ],
            [
              75.5906746726898,
              13.586406985724821
            ],
            [
              75.58826335131971,
              13.587046335146681
            ],
            [
              75.58935958368943,
              13.589070777026379
            ],
            [
              75.58815379845555,
              13.589816616867736
            ],
            [
              75.58442634064747,
              13.590562522434581
            ],
            [
              75.58409724857654,
              13.589337197418473
            ],
            [
              75.58354977993488,
              13.593119620503415
            ],
            [
              75.57998623235022,
              13.591574833598926
            ],
            [
              75.58031496955269,
              13.594398513651527
            ],
            [
              75.58415238000873,
              13.594611395630565
            ],
            [
              75.5846455394329,
              13.59583676420172
            ],
            [
              75.58393260977772,
              13.597115556812497
            ],
            [
              75.58535847989805,
              13.597381480154397
            ],
            [
              75.58700192309806,
              13.599513055144527
            ],
            [
              75.58985294068452,
              13.5956766606283
            ],
            [
              75.5930321237133,
              13.594238067759264
            ],
            [
              75.59769069647979,
              13.595782829147538
            ],
            [
              75.60119824671469,
              13.596581519750487
            ],
            [
              75.6018011596691,
              13.597860779242694
            ],
            [
              75.59352491757318,
              13.597008690232286
            ],
            [
              75.59094897222408,
              13.600045132226683
            ],
            [
              75.58719572090084,
              13.605322171748114
            ],
            [
              75.584948724763,
              13.604949655422999
            ],
            [
              75.58533179752192,
              13.602499939734074
            ],
            [
              75.58330459458995,
              13.60356500706672
            ],
            [
              75.58204461143782,
              13.607985325981744
            ],
            [
              75.58393893839806,
              13.611346552854513
            ],
            [
              75.58256820436071,
              13.613958457306552
            ],
            [
              75.58467741491415,
              13.620693622810919
            ],
            [
              75.57875516012388,
              13.622718695250526
            ],
            [
              75.57982367308566,
              13.627258470928354
            ],
            [
              75.5832159015383,
              13.62544293360267
            ],
            [
              75.58454615807864,
              13.626330600475669
            ],
            [
              75.58655151487602,
              13.627145598506402
            ],
            [
              75.5847649242744,
              13.627393640826924
            ],
            [
              75.58319709986853,
              13.62735820622565
            ],
            [
              75.58049898344836,
              13.63196465984909
            ],
            [
              75.57664995095033,
              13.632209249011481
            ],
            [
              75.57453521105413,
              13.630118641045698
            ],
            [
              75.57347784110505,
              13.632492719854199
            ],
            [
              75.57716040540714,
              13.633413997742878
            ],
            [
              75.57921022996985,
              13.637191677467214
            ],
            [
              75.57902792480772,
              13.638679864201706
            ],
            [
              75.58136143089968,
              13.640522368116848
            ],
            [
              75.58044990508304,
              13.640947559286204
            ],
            [
              75.57873623654478,
              13.641939669036603
            ],
            [
              75.57345585019539,
              13.639952699139172
            ],
            [
              75.57155093103839,
              13.642731688947194
            ],
            [
              75.57367719445915,
              13.646437670717688
            ],
            [
              75.57705481426859,
              13.646219284515865
            ],
            [
              75.58130557453723,
              13.648143375385715
            ],
            [
              75.58086680456282,
              13.650561740858308
            ],
            [
              75.5772727856401,
              13.652134630736214
            ],
            [
              75.57529019666535,
              13.650143916282175
            ],
            [
              75.57338460629003,
              13.65334924877844
            ],
            [
              75.57258843762,
              13.657987254732419
            ],
            [
              75.57553633624892,
              13.657480848812313
            ],
            [
              75.5743568691664,
              13.660692471559074
            ],
            [
              75.57722158327832,
              13.661401980792789
            ],
            [
              75.57560674750204,
              13.663256312528333
            ],
            [
              75.57046000262605,
              13.661981426408971
            ],
            [
              75.56801057328965,
              13.669752584694535
            ],
            [
              75.56683330141618,
              13.670823249150772
            ],
            [
              75.5720456009038,
              13.67032044428349
            ],
            [
              75.57621727214882,
              13.668829735916333
            ],
            [
              75.57571004430082,
              13.666830921382385
            ],
            [
              75.57739224450486,
              13.667118319116199
            ],
            [
              75.57959083722523,
              13.66540912391281
            ],
            [
              75.5794485241999,
              13.660563671241391
            ],
            [
              75.58237924433098,
              13.66348398858078
            ],
            [
              75.59044485083524,
              13.66576482834877
            ],
            [
              75.59615606793105,
              13.661916678126516
            ],
            [
              75.59161801690593,
              13.670396229651189
            ],
            [
              75.5937453937922,
              13.671537206585043
            ],
            [
              75.59410902689913,
              13.669325480970443
            ],
            [
              75.5969687594463,
              13.668328504372155
            ],
            [
              75.59762394584772,
              13.664907735922426
            ],
            [
              75.60033960053164,
              13.664481227044448
            ],
            [
              75.60356104937617,
              13.662059197017712
            ],
            [
              75.60406579784981,
              13.660350505489447
            ],
            [
              75.60664372425194,
              13.66469487805972
            ],
            [
              75.60562354017148,
              13.666904642311081
            ],
            [
              75.60709295236316,
              13.66704786090152
            ],
            [
              75.60934368431322,
              13.66291339123272
            ],
            [
              75.61171632979651,
              13.670398151290186
            ],
            [
              75.6156219165953,
              13.669013229800825
            ],
            [
              75.61496451666406,
              13.67633773318937
            ],
            [
              75.61806540347871,
              13.682871022786316
            ],
            [
              75.62135013261363,
              13.682679662682247
            ],
            [
              75.62229724212429,
              13.68530763106753
            ],
            [
              75.62472980339373,
              13.68537335974861
            ],
            [
              75.62330678345498,
              13.68202366286124
            ],
            [
              75.62607643296039,
              13.682024219286575
            ],
            [
              75.6293914704392,
              13.681040293964088
            ],
            [
              75.62722111977095,
              13.67697487714419
            ],
            [
              75.63148682151018,
              13.677495007893526
            ],
            [
              75.63080367719948,
              13.674479521960393
            ],
            [
              75.63188892661574,
              13.673229680589884
            ],
            [
              75.62890892794951,
              13.671925146725556
            ],
            [
              75.62959113419805,
              13.669949108508462
            ],
            [
              75.6281683894909,
              13.667593845009009
            ],
            [
              75.63107698963373,
              13.66784905864398
            ],
            [
              75.63208545767202,
              13.665820549626801
            ],
            [
              75.63560191481312,
              13.666996253258347
            ],
            [
              75.63802728659707,
              13.667197880427352
            ],
            [
              75.6395600085055,
              13.661319579345346
            ],
            [
              75.6416548735505,
              13.661904419844134
            ],
            [
              75.64320471635867,
              13.658302115301083
            ],
            [
              75.63982932126319,
              13.655689995933031
            ],
            [
              75.64416992665582,
              13.652316654713445
            ],
            [
              75.64369851398615,
              13.650548170516288
            ],
            [
              75.6434246665444,
              13.64886043957307
            ],
            [
              75.64281518721464,
              13.646702883054928
            ],
            [
              75.64499189910606,
              13.648225866174613
            ],
            [
              75.64651559743109,
              13.648479695738331
            ],
            [
              75.64749511778231,
              13.649410401804758
            ],
            [
              75.64845287101531,
              13.648987354047748
            ],
            [
              75.64856170660912,
              13.648225866174613
            ],
            [
              75.64967182967487,
              13.64852200063909
            ],
            [
              75.65054251443121,
              13.647295155435899
            ],
            [
              75.65106492528543,
              13.64401648609514
            ],
            [
              75.65193770837885,
              13.643574746958961
            ],
            [
              75.65130646192966,
              13.641374835946792
            ],
            [
              75.65193770837885,
              13.640824854990626
            ],
            [
              75.65246011923313,
              13.639872961846777
            ],
            [
              75.65274309177912,
              13.641078692513702
            ],
            [
              75.65256895482693,
              13.64173443818683
            ],
            [
              75.65304783144347,
              13.642961312295313
            ],
            [
              75.6558340226658,
              13.641417142121071
            ],
            [
              75.65398381755696,
              13.643913192986645
            ],
            [
              75.65306959856292,
              13.644061262971704
            ],
            [
              75.65248188635138,
              13.646388064819305
            ],
            [
              75.65221921774571,
              13.649228433140351
            ],
            [
              75.6514573685844,
              13.653183896011043
            ],
            [
              75.65509639232698,
              13.653685102462205
            ],
            [
              75.65581470725178,
              13.653262062370843
            ],
            [
              75.65596707726348,
              13.654108142002727
            ],
            [
              75.6566154524784,
              13.653854318544177
            ],
            [
              75.65618011010082,
              13.654954218440878
            ],
            [
              75.65813915080338,
              13.65560992555453
            ],
            [
              75.65800854809012,
              13.654785003406374
            ],
            [
              75.65905336979864,
              13.655969506100547
            ],
            [
              75.66136683398867,
              13.656754507669532
            ],
            [
              75.66104032720483,
              13.657219844837073
            ],
            [
              75.65908128650227,
              13.657389058124451
            ],
            [
              75.65792762919881,
              13.659208093297948
            ],
            [
              75.65753582105785,
              13.659186941807363
            ],
            [
              75.65740521834456,
              13.658531244640372
            ],
            [
              75.65588152002064,
              13.657727484336093
            ],
            [
              75.65459726000392,
              13.658742760054238
            ],
            [
              75.65211580844709,
              13.658721608521944
            ],
            [
              75.65120159947426,
              13.65950240252414
            ],
            [
              75.65148457202031,
              13.661257967482555
            ],
            [
              75.65370481815057,
              13.66242128645672
            ],
            [
              75.65189814727958,
              13.663119275086032
            ],
            [
              75.65184868284496,
              13.664976028629667
            ],
            [
              75.65231071211568,
              13.665395290976349
            ],
            [
              75.65098708759058,
              13.664918863814819
            ],
            [
              75.6504690929464,
              13.666081732035309
            ],
            [
              75.65144858502177,
              13.667104578942613
            ],
            [
              75.65235954112296,
              13.667104578942613
            ],
            [
              75.65303829272762,
              13.667121935065467
            ],
            [
              75.65296684519035,
              13.667816178950218
            ],
            [
              75.65332408287847,
              13.668232724299017
            ],
            [
              75.65126996617772,
              13.668996388858304
            ],
            [
              75.65057335268833,
              13.668683980929046
            ],
            [
              75.648287031493,
              13.670523710552317
            ],
            [
              75.64720431917391,
              13.66969061993423
            ],
            [
              75.64557888769849,
              13.671096446349239
            ],
            [
              75.64429283202452,
              13.670541059138813
            ],
            [
              75.64293532881518,
              13.670593126744862
            ],
            [
              75.64261381489669,
              13.67151298589799
            ],
            [
              75.64270312431867,
              13.672103082330722
            ],
            [
              75.64434713375624,
              13.672086651104522
            ],
            [
              75.64536526116424,
              13.671565977821842
            ],
            [
              75.64663345495157,
              13.671652756781569
            ],
            [
              75.64695496887003,
              13.672312275836333
            ],
            [
              75.64607973653659,
              13.67375279787403
            ],
            [
              75.64443260305345,
              13.675754856287881
            ],
            [
              75.64302151418977,
              13.679607742783077
            ],
            [
              75.64138429821435,
              13.682205086872543
            ],
            [
              75.63813475992768,
              13.683144920453287
            ],
            [
              75.63976091242023,
              13.686940562354579
            ],
            [
              75.63661498654062,
              13.691581442882978
            ],
            [
              75.63378794153999,
              13.692219913728778
            ],
            [
              75.63520292200874,
              13.694009240744904
            ],
            [
              75.6336792555411,
              13.697393099559847
            ],
            [
              75.63748372770434,
              13.696112869980922
            ],
            [
              75.6392189497654,
              13.69547093241087
            ],
            [
              75.63552785486044,
              13.704247136899667
            ],
            [
              75.6301920042402,
              13.711475058983979
            ],
            [
              75.62871774997075,
              13.713136370661474
            ],
            [
              75.62876501384679,
              13.715156785679241
            ],
            [
              75.62749287765882,
              13.714558704879465
            ],
            [
              75.62507329670063,
              13.719292629708207
            ],
            [
              75.62460165033502,
              13.71907880762322
            ],
            [
              75.62447587797107,
              13.716971122365408
            ],
            [
              75.62390990233169,
              13.716176917213943
            ],
            [
              75.62346969905789,
              13.717307131428385
            ],
            [
              75.62284083723654,
              13.719659181400175
            ],
            [
              75.62211764614307,
              13.718162425054203
            ],
            [
              75.62161455668561,
              13.718040240441567
            ],
            [
              75.62117435341185,
              13.71950645159761
            ],
            [
              75.62057693468066,
              13.71923153770399
            ],
            [
              75.61994807286092,
              13.719475905625345
            ],
            [
              75.61941354031339,
              13.721094836680464
            ],
            [
              75.61762128412309,
              13.720178461983451
            ],
            [
              75.61633211739024,
              13.721003199371935
            ],
            [
              75.61550867475307,
              13.720916877256016
            ],
            [
              75.61550867475307,
              13.71917576095089
            ],
            [
              75.61365353238085,
              13.720092139563292
            ],
            [
              75.61371641856277,
              13.721191789175307
            ],
            [
              75.61532001620719,
              13.72314670909465
            ],
            [
              75.61447105274812,
              13.723543800212994
            ],
            [
              75.61330765837917,
              13.72299398156278
            ],
            [
              75.61151540219055,
              13.723604891094496
            ],
            [
              75.60958370886348,
              13.72468241061668
            ],
            [
              75.61027545686682,
              13.726240215568325
            ],
            [
              75.60848320067652,
              13.72446859344302
            ],
            [
              75.60870330231427,
              13.723979867743978
            ],
            [
              75.6063136273944,
              13.722116591675771
            ],
            [
              75.60595518440726,
              13.720646102803258
            ],
            [
              75.60469746076623,
              13.720065731467713
            ],
            [
              75.60422581439894,
              13.719179898767024
            ],
            [
              75.60347118021534,
              13.718507885521973
            ],
            [
              75.60255933057425,
              13.718630069891177
            ],
            [
              75.60202479802666,
              13.717347130839798
            ],
            [
              75.6009871760217,
              13.71756095450236
            ],
            [
              75.59972945238064,
              13.717744231771775
            ],
            [
              75.59853461491991,
              13.716216916817928
            ],
            [
              75.59740266364284,
              13.716644566006607
            ],
            [
              75.59796863928057,
              13.717713685570146
            ],
            [
              75.59765420837067,
              13.718721708127077
            ],
            [
              75.59627071236406,
              13.71869116205194
            ],
            [
              75.59567329363452,
              13.71783587035273
            ],
            [
              75.59402305929339,
              13.716404359095776
            ],
            [
              75.59184548115155,
              13.718245095491497
            ],
            [
              75.59133699809064,
              13.719159867590534
            ],
            [
              75.59192081197517,
              13.720312475358782
            ],
            [
              75.5909226785597,
              13.72172121049914
            ],
            [
              75.5909226785597,
              13.722416427321136
            ],
            [
              75.59150649244427,
              13.722379837013492
            ],
            [
              75.5912993326778,
              13.722727444706237
            ],
            [
              75.59117360502,
              13.724417171547515
            ],
            [
              75.59092877984276,
              13.725167265201506
            ],
            [
              75.59104177607912,
              13.726027125707859
            ],
            [
              75.59007092783668,
              13.727349141156722
            ],
            [
              75.5897884372466,
              13.728245583064151
            ],
            [
              75.59005666448758,
              13.728652891102783
            ],
            [
              75.58956268076719,
              13.72898880047913
            ],
            [
              75.58950504933347,
              13.728788854479774
            ],
            [
              75.589076930109,
              13.728940813455267
            ],
            [
              75.58895343417763,
              13.728604904009345
            ],
            [
              75.5891016292939,
              13.728229004774064
            ],
            [
              75.589076930109,
              13.72747720449604
            ],
            [
              75.58810305742554,
              13.72551377345954
            ],
            [
              75.58736208184581,
              13.725793701719908
            ],
            [
              75.5868845642481,
              13.726153608991751
            ],
            [
              75.58595422824106,
              13.726737457393185
            ],
            [
              75.58626563009366,
              13.725568524073097
            ],
            [
              75.58574694718664,
              13.725032660596327
            ],
            [
              75.58544232389187,
              13.724920688969675
            ],
            [
              75.58562345125699,
              13.724704743537359
            ],
            [
              75.5857321878641,
              13.723922090730312
            ],
            [
              75.58551812825195,
              13.723266253048664
            ],
            [
              75.58503972674052,
              13.72309055734135
            ],
            [
              75.5853937484068,
              13.722690655116253
            ],
            [
              75.58576423619755,
              13.72220277347914
            ],
            [
              75.58568190557716,
              13.721426959607044
            ],
            [
              75.58524555329055,
              13.721099037507813
            ],
            [
              75.58275093550193,
              13.720867092332213
            ],
            [
              75.58049948360866,
              13.72040507953406
            ],
            [
              75.57925673274664,
              13.720933277748301
            ],
            [
              75.57819466774774,
              13.722868812678215
            ],
            [
              75.57807181835247,
              13.7238306481796
            ],
            [
              75.57817884815944,
              13.72425454245655
            ],
            [
              75.57796478854726,
              13.72451847624248
            ],
            [
              75.5780800514147,
              13.724854391539665
            ],
            [
              75.57757783463205,
              13.724902379399524
            ],
            [
              75.5774049403309,
              13.725118324649912
            ],
            [
              75.5774049403309,
              13.724606454104588
            ],
            [
              75.57753666932277,
              13.724342520418446
            ],
            [
              75.57706738478726,
              13.72362269976378
            ],
            [
              75.57631536301884,
              13.723373002851119
            ],
            [
              75.57564848499965,
              13.723420991015544
            ],
            [
              75.57596470833249,
              13.721246468273648
            ],
            [
              75.57591530995924,
              13.720798574216317
            ],
            [
              75.57544602542549,
              13.719830800208996
            ],
            [
              75.57274558108682,
              13.719534868517798
            ],
            [
              75.57229678362296,
              13.719284964619092
            ],
            [
              75.57223091912698,
              13.719029023123682
            ],
            [
              75.57243674567704,
              13.718805074085452
            ],
            [
              75.57330945025035,
              13.718549132066727
            ],
            [
              75.57400102745854,
              13.717957265078226
            ],
            [
              75.57411246536893,
              13.717684814947503
            ],
            [
              75.57409599924452,
              13.716932980883684
            ],
            [
              75.57384900738518,
              13.716157149590586
            ],
            [
              75.57369257920666,
              13.715949194375327
            ],
            [
              75.57374197757824,
              13.715733240688195
            ],
            [
              75.57471347889631,
              13.715669254371477
            ],
            [
              75.57577554389528,
              13.715957192656418
            ],
            [
              75.57643418885633,
              13.71557327486498
            ],
            [
              75.5771184296203,
              13.714148549231155
            ],
            [
              75.5774395190378,
              13.71392459553762
            ],
            [
              75.57794173582036,
              13.71394059223671
            ],
            [
              75.57818872768144,
              13.713996580676877
            ],
            [
              75.57937428861004,
              13.71397258563239
            ],
            [
              75.57998705827453,
              13.713620580594707
            ],
            [
              75.58098325877751,
              13.714068488348985
            ],
            [
              75.58126318288734,
              13.714116478415164
            ],
            [
              75.58132904738332,
              13.71361258223402
            ],
            [
              75.58122201757635,
              13.713348636184307
            ],
            [
              75.58101619102635,
              13.713228660608507
            ],
            [
              75.58013525339078,
              13.713380629660676
            ],
            [
              75.57908965451631,
              13.71318866873716
            ],
            [
              75.57786292827666,
              13.71375655268183
            ],
            [
              75.57717135106844,
              13.713676569110419
            ],
            [
              75.5758952262988,
              13.713044698016304
            ],
            [
              75.5753058472884,
              13.71286922371462
            ],
            [
              75.5749929909314,
              13.713053186519517
            ],
            [
              75.57477069825694,
              13.712917214025111
            ],
            [
              75.57454840558424,
              13.71227734240611
            ],
            [
              75.57439379047324,
              13.709205400074339
            ],
            [
              75.57365767606214,
              13.708986883967896
            ],
            [
              75.57247171395682,
              13.710297977555996
            ],
            [
              75.5712039613615,
              13.709841082136663
            ],
            [
              75.57151067569907,
              13.708390929917442
            ],
            [
              75.57157201856702,
              13.707179152018071
            ],
            [
              75.57126530422843,
              13.706901038175118
            ],
            [
              75.56952725631578,
              13.705152886483901
            ],
            [
              75.56862756092497,
              13.707636052615456
            ],
            [
              75.56881158952777,
              13.709900677242217
            ],
            [
              75.56713488448204,
              13.710695277198695
            ],
            [
              75.56683142585598,
              13.712368022819192
            ],
            [
              75.56811962706772,
              13.712805048386443
            ],
            [
              75.569883867215,
              13.71287879395527
            ],
            [
              75.5703746101554,
              13.712521227631754
            ],
            [
              75.57055863875709,
              13.713613789686434
            ],
            [
              75.57084490547274,
              13.714110407122433
            ],
            [
              75.57039505777732,
              13.715342013828959
            ],
            [
              75.5679954733703,
              13.716062447692408
            ],
            [
              75.56779099714555,
              13.716678246733437
            ],
            [
              75.56813860672807,
              13.718386584001692
            ],
            [
              75.56918143547563,
              13.719061969724521
            ],
            [
              75.56738204958657,
              13.7218551588077
            ],
            [
              75.56738204958657,
              13.723205908345534
            ],
            [
              75.56611429699129,
              13.72370250548471
            ],
            [
              75.56427401096474,
              13.72247094264982
            ],
            [
              75.56345610606485,
              13.72282849381564
            ],
            [
              75.5632154336941,
              13.722601185912623
            ],
            [
              75.56346279140945,
              13.722536240756853
            ],
            [
              75.56363661034433,
              13.722308932570726
            ],
            [
              75.5631418949136,
              13.721672468478516
            ],
            [
              75.56367003706194,
              13.721445159455612
            ],
            [
              75.56406858800108,
              13.720790278738733
            ],
            [
              75.56398836387677,
              13.72001742425762
            ],
            [
              75.56284821879629,
              13.718423838883098
            ],
            [
              75.56185878793625,
              13.717969214324
            ],
            [
              75.5573971260836,
              13.720207945894359
            ],
            [
              75.55713302977617,
              13.719511566468611
            ],
            [
              75.55777440652622,
              13.718100475508763
            ],
            [
              75.55626855649703,
              13.716213027609939
            ],
            [
              75.55632514863416,
              13.715938136602276
            ],
            [
              75.55806063866501,
              13.715315049037542
            ],
            [
              75.55813609475314,
              13.714728612171726
            ],
            [
              75.55698538940672,
              13.713225861016639
            ],
            [
              75.55702938322432,
              13.712482994919498
            ],
            [
              75.5556900376586,
              13.711988182942491
            ],
            [
              75.5543884201359,
              13.71246466856907
            ],
            [
              75.55395454762771,
              13.712043162102063
            ],
            [
              75.55467138046592,
              13.711768266172882
            ],
            [
              75.55472797253151,
              13.710503740753964
            ],
            [
              75.55555798955675,
              13.710540393721246
            ],
            [
              75.55698069006414,
              13.708644192748153
            ],
            [
              75.55703295253022,
              13.707579842557138
            ],
            [
              75.55627839164694,
              13.70510572059689
            ],
            [
              75.553901524868,
              13.705160701367419
            ],
            [
              75.55335446822664,
              13.705563893295746
            ],
            [
              75.5527319554991,
              13.70558222018559
            ],
            [
              75.55210944277152,
              13.705985411389605
            ],
            [
              75.55061918502759,
              13.705288989783455
            ],
            [
              75.54965711990246,
              13.705692181491713
            ],
            [
              75.54991670982682,
              13.703446753065549
            ],
            [
              75.55198085167135,
              13.701846134757062
            ],
            [
              75.55242083194108,
              13.70113370186806
            ],
            [
              75.55187609446517,
              13.700502688076938
            ],
            [
              75.55019997915483,
              13.701011570299073
            ],
            [
              75.54915240708567,
              13.700746951681353
            ],
            [
              75.54850291240254,
              13.702436434656661
            ],
            [
              75.54621920529166,
              13.702131107307267
            ],
            [
              75.54466879863043,
              13.703617030009596
            ],
            [
              75.54343251612892,
              13.703026730776386
            ],
            [
              75.54230113829442,
              13.705184360651415
            ],
            [
              75.5416516436124,
              13.703352412027542
            ],
            [
              75.5403526542461,
              13.702965665492286
            ],
            [
              75.5403526542461,
              13.701927553222745
            ],
            [
              75.54108595469461,
              13.700970857463759
            ],
            [
              75.54102310037115,
              13.700278777253132
            ],
            [
              75.54284243573969,
              13.699405974969665
            ],
            [
              75.54351288186476,
              13.697268647635738
            ],
            [
              75.54254911556094,
              13.694418847629606
            ],
            [
              75.54336297821331,
              13.693672893004958
            ],
            [
              75.54480862766843,
              13.694548195173368
            ],
            [
              75.54736470351611,
              13.694059654829786
            ],
            [
              75.54822371261261,
              13.692817943556065
            ],
            [
              75.54994173080567,
              13.691433733095067
            ],
            [
              75.55058899428391,
              13.690616384556478
            ],
            [
              75.55023281978055,
              13.687970067982405
            ],
            [
              75.54954142221476,
              13.686992958952843
            ],
            [
              75.54987053823515,
              13.685895240939729
            ],
            [
              75.54934675220005,
              13.684775626630682
            ],
            [
              75.5494515094073,
              13.682963875829259
            ],
            [
              75.54806871427567,
              13.683676363763055
            ],
            [
              75.54565929851785,
              13.685365969385074
            ],
            [
              75.5452130322546,
              13.685388573673393
            ],
            [
              75.5442073630681,
              13.685368217053906
            ],
            [
              75.5422798304617,
              13.687322444549423
            ],
            [
              75.54129511271603,
              13.687749929651204
            ],
            [
              75.54041515217875,
              13.68850311579537
            ],
            [
              75.54075037524018,
              13.687546365413624
            ],
            [
              75.54081322956472,
              13.687118879943
            ],
            [
              75.54204936460644,
              13.685388573673393
            ],
            [
              75.54448645927545,
              13.683354367967567
            ],
            [
              75.54492643954521,
              13.682580808479102
            ],
            [
              75.54448645927545,
              13.68164439096114
            ],
            [
              75.54536641981389,
              13.679323688009049
            ],
            [
              75.5447797794553,
              13.679059044991135
            ],
            [
              75.54320842135215,
              13.68140010751685
            ],
            [
              75.54213989784111,
              13.681033681876599
            ],
            [
              75.54042187964808,
              13.679038687824146
            ],
            [
              75.53973048208226,
              13.680585827540625
            ],
            [
              75.53873369653667,
              13.679934475951825
            ],
            [
              75.53749756149497,
              13.681624108437788
            ],
            [
              75.53640808654316,
              13.680361974473499
            ],
            [
              75.53253206988842,
              13.680687687112453
            ],
            [
              75.53209208961971,
              13.680361974473499
            ],
            [
              75.53391486501894,
              13.678387331954426
            ],
            [
              75.53360059339832,
              13.67655517459822
            ],
            [
              75.53483672844001,
              13.676127669163876
            ],
            [
              75.53621952357165,
              13.67641267287263
            ],
            [
              75.5361566692471,
              13.67580195021607
            ],
            [
              75.5350043399707,
              13.675069080937462
            ],
            [
              75.5351516462926,
              13.671019421883202
            ],
            [
              75.53686966448564,
              13.67360485612825
            ],
            [
              75.53881814853398,
              13.674765238648803
            ],
            [
              75.5411437585264,
              13.672688760626556
            ],
            [
              75.53938383745066,
              13.670306895646036
            ],
            [
              75.53923717736185,
              13.66928899728316
            ],
            [
              75.54273606807138,
              13.66841360117374
            ],
            [
              75.54395293147701,
              13.66947747220992
            ],
            [
              75.54608997849792,
              13.667747036283785
            ],
            [
              75.54726325921501,
              13.670352864366208
            ],
            [
              75.54870890922729,
              13.668133840600305
            ],
            [
              75.54981933561984,
              13.668093124374764
            ],
            [
              75.55092976201357,
              13.669619978019838
            ],
            [
              75.55166306377811,
              13.669111027885222
            ],
            [
              75.55172907328438,
              13.668494588041384
            ],
            [
              75.55170812184352,
              13.665216914382029
            ],
            [
              75.54999010365049,
              13.663954692491657
            ],
            [
              75.54839779410543,
              13.665277989463746
            ],
            [
              75.54586266969855,
              13.663893617067004
            ],
            [
              75.54412370006361,
              13.665054047421478
            ],
            [
              75.54412812860505,
              13.66345003082607
            ],
            [
              75.5441490800458,
              13.66275784027603
            ],
            [
              75.54192822725955,
              13.66230995118947
            ],
            [
              75.53832457934271,
              13.663897917746127
            ],
            [
              75.5370255899764,
              13.664590104947862
            ],
            [
              75.52804372766715,
              13.646117869844616
            ],
            [
              75.53311605946891,
              13.663251035929562
            ],
            [
              75.53916008423766,
              13.658329728873014
            ],
            [
              75.5427862979609,
              13.658566615200982
            ],
            [
              75.54882573347396,
              13.657624617303071
            ],
            [
              75.55535698664875,
              13.656690883463654
            ],
            [
              75.55754065581286,
              13.653643224825316
            ],
            [
              75.5548941047775,
              13.648716995466017
            ],
            [
              75.54823242890927,
              13.650366285751446
            ],
            [
              75.54204828141286,
              13.646477357087889
            ],
            [
              75.53601587135975,
              13.648015224550548
            ],
            [
              75.535140255969,
              13.643904814921868
            ],
            [
              75.53869683251514,
              13.637911225207475
            ],
            [
              75.53482176360595,
              13.63636871131527
            ],
            [
              75.52808335688218,
              13.643389719279455
            ],
            [
              75.52473466328757,
              13.642191059754907
            ],
            [
              75.5286411748082,
              13.635682198965512
            ],
            [
              75.52634226682451,
              13.632422115167586
            ],
            [
              75.5198039049113,
              13.63345046725128
            ],
            [
              75.51855864688488,
              13.63961861781192
            ],
            [
              75.51662671187268,
              13.632935894667327
            ],
            [
              75.51274502267344,
              13.631221201807904
            ],
            [
              75.51186059466556,
              13.634478367807901
            ],
            [
              75.51063037285499,
              13.629334537782796
            ],
            [
              75.50833806302691,
              13.626760440130127
            ],
            [
              75.50251123421597,
              13.630535467681128
            ],
            [
              75.50462921212056,
              13.62453296008566
            ],
            [
              75.50074781143172,
              13.62197031980449
            ],
            [
              75.50057135978065,
              13.61939822814304
            ],
            [
              75.49792595798687,
              13.619052838078204
            ],
            [
              75.50110017491761,
              13.61476679417268
            ],
            [
              75.5088668289327,
              13.622472067951023
            ],
            [
              75.51575222033486,
              13.625559669048528
            ],
            [
              75.51592331806364,
              13.61990209669419
            ],
            [
              75.52033929004992,
              13.62710435474635
            ],
            [
              75.52352054542064,
              13.624530034243747
            ],
            [
              75.52581343977175,
              13.627961747999294
            ],
            [
              75.5272158774768,
              13.620245707536284
            ],
            [
              75.53252880409357,
              13.622641459369277
            ],
            [
              75.53270192013568,
              13.628132932318096
            ],
            [
              75.53692298270894,
              13.626762253490682
            ],
            [
              75.54080930117391,
              13.63053518620714
            ],
            [
              75.54455404074142,
              13.635777538689908
            ],
            [
              75.55143633849627,
              13.638173431157
            ],
            [
              75.55161636204144,
              13.630115839203185
            ],
            [
              75.5473769442813,
              13.625652113592338
            ],
            [
              75.53749325686326,
              13.610214356687706
            ],
            [
              75.55320692131627,
              13.614672450509147
            ],
            [
              75.53590578844873,
              13.60832924073685
            ],
            [
              75.53819861661918,
              13.60300678641552
            ],
            [
              75.53767027776186,
              13.59872483370144
            ],
            [
              75.531669341971,
              13.597864132168155
            ],
            [
              75.52883994009511,
              13.592019666596244
            ],
            [
              75.52390211171476,
              13.595116906570667
            ],
            [
              75.52143369920987,
              13.587743867113957
            ],
            [
              75.53943479626255,
              13.593578931748567
            ],
            [
              75.54596565703315,
              13.600261634244177
            ],
            [
              75.55161388872972,
              13.602835953358664
            ],
            [
              75.56238850972525,
              13.603174201236655
            ],
            [
              75.55636976900053,
              13.589128955639708
            ],
            [
              75.55664035726107,
              13.58025911958947
            ],
            [
              75.562645240665,
              13.58437264286745
            ],
            [
              75.56811578028214,
              13.578368354511056
            ],
            [
              75.5748279778137,
              13.576649650203791
            ],
            [
              75.57924511390021,
              13.573214808773955
            ],
            [
              75.57817406375702,
              13.566017190156884
            ],
            [
              75.57606852802704,
              13.56256900700572
            ],
            [
              75.57287906830626,
              13.567904334907809
            ],
            [
              75.56793162760692,
              13.571172036397684
            ],
            [
              75.56493748018616,
              13.56635709217501
            ],
            [
              75.56087431288367,
              13.569284210204714
            ],
            [
              75.55716852476158,
              13.568600555062446
            ],
            [
              75.5548993275041,
              13.563773193295404
            ]
          ]
        ],
        "type": "Polygon"
      }
    },
    {
      "type": "Feature",
      "properties": {
        "Name": "Narayan apura Dam"
      },
      "geometry": {
        "coordinates": [
          [
            [
              76.35889511526216,
              16.20005110638462
            ],
            [
              76.33888838917068,
              16.234162178014586
            ],
            [
              76.33698405620135,
              16.23292208033493
            ],
            [
              76.33592677411076,
              16.235097314302607
            ],
            [
              76.33451701536842,
              16.234855623351493
            ],
            [
              76.33255013149716,
              16.230698320511564
            ],
            [
              76.33028445939232,
              16.232196904468154
            ],
            [
              76.32882435823251,
              16.233792164133746
            ],
            [
              76.32796845368796,
              16.235242376785123
            ],
            [
              76.32736431017997,
              16.236160816100096
            ],
            [
              76.32575304837638,
              16.23538744544753
            ],
            [
              76.32237976230391,
              16.237417700096955
            ],
            [
              76.31960586452618,
              16.238715208815904
            ],
            [
              76.31965629895916,
              16.240600453201466
            ],
            [
              76.31784365660639,
              16.24031042732814
            ],
            [
              76.31411784608832,
              16.243404147088185
            ],
            [
              76.31277081022904,
              16.24324119125322
            ],
            [
              76.31367702222968,
              16.23753712688749
            ],
            [
              76.31045474122703,
              16.23565183015444
            ],
            [
              76.31005208277116,
              16.23444346622928
            ],
            [
              76.31367715472737,
              16.231833050246877
            ],
            [
              76.31618288493092,
              16.23062079302747
            ],
            [
              76.31965694995108,
              16.22694675886291
            ],
            [
              76.31940520100727,
              16.223659399738693
            ],
            [
              76.31733407383615,
              16.222317699812535
            ],
            [
              76.31949925001226,
              16.22023876439404
            ],
            [
              76.32287306233161,
              16.21840155080723
            ],
            [
              76.32287306233161,
              16.217579610819072
            ],
            [
              76.3217651499491,
              16.21699941765732
            ],
            [
              76.3183914755383,
              16.21719281339341
            ],
            [
              76.31864330421746,
              16.215452239979413
            ],
            [
              76.31708235240887,
              16.21492040214126
            ],
            [
              76.31486678850712,
              16.21298646839884
            ],
            [
              76.31758587989049,
              16.212696312444137
            ],
            [
              76.31703193216771,
              16.211390919580865
            ],
            [
              76.31798866001037,
              16.210520584080214
            ],
            [
              76.32005320241745,
              16.208973280429717
            ],
            [
              76.31664591767077,
              16.20700524029617
            ],
            [
              76.31800537701781,
              16.206183299232563
            ],
            [
              76.32218453166496,
              16.205167915697317
            ],
            [
              76.32092568733344,
              16.2027021043493
            ],
            [
              76.31850889000162,
              16.201203205724227
            ],
            [
              76.31705892563281,
              16.19996334149775
            ],
            [
              76.31449105125739,
              16.200253446960517
            ],
            [
              76.31016091191054,
              16.198996337262685
            ],
            [
              76.30613289178677,
              16.204073154726714
            ],
            [
              76.3032629180147,
              16.203299552717624
            ],
            [
              76.30265865784378,
              16.202139134992535
            ],
            [
              76.30230627016812,
              16.203492953590796
            ],
            [
              76.30039293478211,
              16.20325120230133
            ],
            [
              76.2999901049642,
              16.202284190372566
            ],
            [
              76.2986809346848,
              16.202284185600718
            ],
            [
              76.29797610693288,
              16.205717056621566
            ],
            [
              76.2966669773586,
              16.204556659931384
            ],
            [
              76.29626416022313,
              16.20412150896223
            ],
            [
              76.2951564392539,
              16.202525942833134
            ],
            [
              76.29339422749058,
              16.201220476441378
            ],
            [
              76.29344473263052,
              16.199286467261743
            ],
            [
              76.29601237425948,
              16.199238061527893
            ],
            [
              76.29208513917212,
              16.196627098676288
            ],
            [
              76.2891398647543,
              16.19452876849431
            ],
            [
              76.28632623966189,
              16.195586070797276
            ],
            [
              76.28461353931664,
              16.195586056999375
            ],
            [
              76.28479597500433,
              16.193589014378645
            ],
            [
              76.28222703208172,
              16.194000178898932
            ],
            [
              76.28149374918775,
              16.19576232274457
            ],
            [
              76.27831336027015,
              16.194763623005898
            ],
            [
              76.27867984676777,
              16.19229650506506
            ],
            [
              76.27704720512355,
              16.190003370947082
            ],
            [
              76.27319317641178,
              16.18853478000311
            ],
            [
              76.27031831845659,
              16.190884568688674
            ],
            [
              76.26530246055046,
              16.1899446224174
            ],
            [
              76.26683186832673,
              16.186419910022778
            ],
            [
              76.26964584947353,
              16.184422580327663
            ],
            [
              76.27343843259149,
              16.181485316112912
            ],
            [
              76.27888229893097,
              16.179663991695406
            ],
            [
              76.28291954605754,
              16.178253949713508
            ],
            [
              76.30628483213661,
              16.173032478224144
            ],
            [
              76.31130071802636,
              16.174912563151423
            ],
            [
              76.31338047294867,
              16.174031344743625
            ],
            [
              76.31625591202635,
              16.17356116558649
            ],
            [
              76.3185193965054,
              16.171916077933943
            ],
            [
              76.32117062474072,
              16.16757958403572
            ],
            [
              76.32013049622526,
              16.165464822923724
            ],
            [
              76.32150369139083,
              16.164644144837453
            ],
            [
              76.32242133764692,
              16.159943668849564
            ],
            [
              76.32174842476417,
              16.157240875764145
            ],
            [
              76.32321657153517,
              16.155595664290814
            ],
            [
              76.3243788524706,
              16.153833065651796
            ],
            [
              76.32707045472807,
              16.14913233308988
            ],
            [
              76.32896677164956,
              16.146723304513884
            ],
            [
              76.33202537090273,
              16.146899602655353
            ],
            [
              76.33043498064046,
              16.15876854155084
            ],
            [
              76.33581799043111,
              16.163292674903715
            ],
            [
              76.33838684869283,
              16.164761413790927
            ],
            [
              76.33611761639338,
              16.176474066980717
            ],
            [
              76.33269186778676,
              16.180704180226854
            ],
            [
              76.3371566350645,
              16.183346722092807
            ],
            [
              76.3384822348371,
              16.18633959984284
            ],
            [
              76.33768715154287,
              16.187573661310225
            ],
            [
              76.34056260617297,
              16.188102505337525
            ],
            [
              76.34209111102467,
              16.18639805359149
            ],
            [
              76.34441578840512,
              16.190216703380145
            ],
            [
              76.34300934975238,
              16.19121596771531
            ],
            [
              76.34888154272102,
              16.191509219160665
            ],
            [
              76.3542350645381,
              16.19578811086774
            ],
            [
              76.35889511526216,
              16.20005110638462
            ]
          ]
        ],
        "type": "Polygon"
      }
    },
    {
      "type": "Feature",
      "properties": {
        "Name": "Bennithora Dam"
      },
      "geometry": {
        "coordinates": [
          [
            [
              77.02222598549673,
              17.445962009344797
            ],
            [
              77.01574215779942,
              17.452509471422786
            ],
            [
              77.01529575434819,
              17.45339393456159
            ],
            [
              77.01471199598916,
              17.45362323911867
            ],
            [
              77.0151240607126,
              17.454409423982668
            ],
            [
              77.01464331853532,
              17.454835272700976
            ],
            [
              77.01460897980746,
              17.455523180067132
            ],
            [
              77.01357009699711,
              17.45642817930812
            ],
            [
              77.01212787046165,
              17.453185180810536
            ],
            [
              77.01116638610529,
              17.450073158294856
            ],
            [
              77.00763296873015,
              17.44759715239563
            ],
            [
              77.0047828543889,
              17.446188516129638
            ],
            [
              77.00399306366637,
              17.443960883075704
            ],
            [
              77.00375269257682,
              17.44219186096913
            ],
            [
              77.00316893421774,
              17.44287981604934
            ],
            [
              77.003580998943,
              17.444812628339562
            ],
            [
              77.00306591803786,
              17.445926443065005
            ],
            [
              77.00252256198684,
              17.447837605770474
            ],
            [
              77.00311450544689,
              17.451122434646052
            ],
            [
              77.00370767941763,
              17.456220730519263
            ],
            [
              77.00319844734832,
              17.4584055998818
            ],
            [
              77.00234909241857,
              17.465121520083784
            ],
            [
              77.00023137216891,
              17.466982202379725
            ],
            [
              77.001501276184,
              17.47021859109344
            ],
            [
              77.00175612785097,
              17.475477541812623
            ],
            [
              77.00328514275236,
              17.47782488553554
            ],
            [
              77.0015027027838,
              17.47919977236542
            ],
            [
              77.00099406053863,
              17.47725813158722
            ],
            [
              76.99921112135218,
              17.47636727757957
            ],
            [
              76.99862722749549,
              17.4739972057383
            ],
            [
              76.99752716565774,
              17.469711854633402
            ],
            [
              76.99430351298872,
              17.468012496418254
            ],
            [
              76.99320102503589,
              17.46550503265948
            ],
            [
              76.99591659226331,
              17.461784756884654
            ],
            [
              76.99472841751509,
              17.45862984607747
            ],
            [
              76.99354238494902,
              17.45814447532095
            ],
            [
              76.988960603858,
              17.462997333769977
            ],
            [
              76.98531472363311,
              17.46598977337395
            ],
            [
              76.9861631132103,
              17.463968154190155
            ],
            [
              76.98879165284706,
              17.460328410525364
            ],
            [
              76.98913066708059,
              17.45701214404528
            ],
            [
              76.99345663000497,
              17.45272462122992
            ],
            [
              76.99574748792901,
              17.449730886118658
            ],
            [
              76.99091271370054,
              17.44973146303232
            ],
            [
              76.98726574714874,
              17.45256316760603
            ],
            [
              76.98429858943877,
              17.45345253541106
            ],
            [
              76.98186808839682,
              17.46135590638376
            ],
            [
              76.98059366807678,
              17.462151565565236
            ],
            [
              76.97878209107381,
              17.464030519269826
            ],
            [
              76.97867453513322,
              17.46505649845936
            ],
            [
              76.97820259621767,
              17.4650909703267
            ],
            [
              76.97703292536283,
              17.465719379606682
            ],
            [
              76.97673714652547,
              17.466270839025114
            ],
            [
              76.97576914305745,
              17.466193891299696
            ],
            [
              76.97507002944224,
              17.46718138464277
            ],
            [
              76.9745322497393,
              17.46738657739222
            ],
            [
              76.97413882711845,
              17.467397637858014
            ],
            [
              76.97374893683207,
              17.46869291167536
            ],
            [
              76.97439427247696,
              17.468782682786767
            ],
            [
              76.97451527291048,
              17.469103293536733
            ],
            [
              76.9747229792635,
              17.469456856827065
            ],
            [
              76.97548931528559,
              17.470046778026983
            ],
            [
              76.9752338699256,
              17.470110899777154
            ],
            [
              76.97485742413363,
              17.47134203299693
            ],
            [
              76.9741443309893,
              17.471650843287264
            ],
            [
              76.97339143940383,
              17.471638019047262
            ],
            [
              76.97317632752265,
              17.471894503669915
            ],
            [
              76.97249065840032,
              17.471650843287264
            ],
            [
              76.97216799057725,
              17.471791909864507
            ],
            [
              76.97108667114207,
              17.472031586610072
            ],
            [
              76.97050855796033,
              17.472647147766125
            ],
            [
              76.97036066854241,
              17.472429136761562
            ],
            [
              76.96982288883805,
              17.472352191638905
            ],
            [
              76.9695271100008,
              17.472736916927573
            ],
            [
              76.96889521884879,
              17.472544554384868
            ],
            [
              76.96890598868117,
              17.473028309543352
            ],
            [
              76.96836726239559,
              17.473306654818444
            ],
            [
              76.96812034618137,
              17.47322101016391
            ],
            [
              76.96722246903829,
              17.47367064415228
            ],
            [
              76.9673347036815,
              17.474120277028746
            ],
            [
              76.9665715081108,
              17.475212237961642
            ],
            [
              76.96677353046687,
              17.4755119907978
            ],
            [
              76.9664817203955,
              17.4755119907978
            ],
            [
              76.96565118403981,
              17.475340703523955
            ],
            [
              76.96533608932253,
              17.475154128175177
            ],
            [
              76.96425863675137,
              17.47500425152407
            ],
            [
              76.96416884903726,
              17.475753633544045
            ],
            [
              76.96349544117942,
              17.476417369327834
            ],
            [
              76.9628893741089,
              17.476353136938002
            ],
            [
              76.9626200109667,
              17.47596774212647
            ],
            [
              76.96235064782331,
              17.476717120177852
            ],
            [
              76.96279958639485,
              17.478173045857943
            ],
            [
              76.96172213382374,
              17.477295209710263
            ],
            [
              76.96086915053894,
              17.476888406157315
            ],
            [
              76.9610006799441,
              17.4755860770413
            ],
            [
              76.96037216594448,
              17.47423718594206
            ],
            [
              76.96057418830179,
              17.473723320036456
            ],
            [
              76.95938450108866,
              17.473059574428703
            ],
            [
              76.95916115814174,
              17.47254548057741
            ],
            [
              76.9599468006416,
              17.471753262670887
            ],
            [
              76.96001414142773,
              17.471367858119166
            ],
            [
              76.96035084535606,
              17.471196566944244
            ],
            [
              76.9606202084982,
              17.469933289557176
            ],
            [
              76.96021616378499,
              17.470040347303154
            ],
            [
              76.96010392914178,
              17.469226706857867
            ],
            [
              76.9593856274281,
              17.469119648633438
            ],
            [
              76.95895913578562,
              17.469376588264964
            ],
            [
              76.95862243185616,
              17.46924811849452
            ],
            [
              76.9587122195714,
              17.468819885271643
            ],
            [
              76.95815104635676,
              17.468862708639207
            ],
            [
              76.95725316921494,
              17.468498709691758
            ],
            [
              76.95657976135828,
              17.468584356569153
            ],
            [
              76.95568188421527,
              17.468413062775227
            ],
            [
              76.95435751542982,
              17.468306004073455
            ],
            [
              76.95360382572062,
              17.469061775303416
            ],
            [
              76.9530875463642,
              17.470239412679618
            ],
            [
              76.95315488714914,
              17.469661300737968
            ],
            [
              76.95288552400689,
              17.47002529735994
            ],
            [
              76.9522345630782,
              17.470474939240944
            ],
            [
              76.95216722229327,
              17.470089531981685
            ],
            [
              76.95097753507895,
              17.469340126643615
            ],
            [
              76.94954518737006,
              17.468847350371263
            ],
            [
              76.94925337729876,
              17.469553934542887
            ],
            [
              76.94887177951341,
              17.468954408754698
            ],
            [
              76.94745762301392,
              17.468483351393076
            ],
            [
              76.945594527943,
              17.469040055416613
            ],
            [
              76.9452353770867,
              17.469896519821575
            ],
            [
              76.9449435670154,
              17.472166131006674
            ],
            [
              76.94494003853634,
              17.47283235993514
            ],
            [
              76.9461970665356,
              17.47407420613537
            ],
            [
              76.94462578153599,
              17.47390291750834
            ],
            [
              76.94462578153599,
              17.477178784565197
            ],
            [
              76.94320181803192,
              17.47415516066154
            ],
            [
              76.94203457774677,
              17.474112338538944
            ],
            [
              76.94118159446083,
              17.474519148297347
            ],
            [
              76.94082244360453,
              17.472891903806953
            ],
            [
              76.93904913624766,
              17.472335211562594
            ],
            [
              76.93801657753471,
              17.472292389011827
            ],
            [
              76.93543518075006,
              17.473127426936372
            ],
            [
              76.93366536595926,
              17.473846514271457
            ],
            [
              76.93184634800303,
              17.477153849445386
            ],
            [
              76.9307406833575,
              17.4793302540199
            ],
            [
              76.92993259392858,
              17.48213500134308
            ],
            [
              76.92984280621454,
              17.482905764024977
            ],
            [
              76.92957344307234,
              17.484318820461084
            ],
            [
              76.93038153250006,
              17.48487547604296
            ],
            [
              76.92925918607187,
              17.48459714846497
            ],
            [
              76.9286237601645,
              17.48579303185798
            ],
            [
              76.9258415215869,
              17.49241922611634
            ],
            [
              76.92258238884648,
              17.497815490822376
            ],
            [
              76.91666983224195,
              17.50410910414722
            ],
            [
              76.9160699968059,
              17.50762409417871
            ],
            [
              76.91427000880014,
              17.507624055891867
            ],
            [
              76.91435551065598,
              17.504762932747198
            ],
            [
              76.91838369519019,
              17.49994036065793
            ],
            [
              76.92632822855552,
              17.48870016650612
            ],
            [
              76.92578134832627,
              17.486645181746013
            ],
            [
              76.92771505482074,
              17.481994167478774
            ],
            [
              76.92751446756887,
              17.481323208282845
            ],
            [
              76.92459989546091,
              17.48028071940921
            ],
            [
              76.92454384599745,
              17.479398608772655
            ],
            [
              76.92244199111241,
              17.478543224677907
            ],
            [
              76.92401137609352,
              17.47870360950175
            ],
            [
              76.92381520297045,
              17.476778982282198
            ],
            [
              76.92496421697439,
              17.476832444424176
            ],
            [
              76.92678582454192,
              17.477393795967444
            ],
            [
              76.9270100223959,
              17.4780086075761
            ],
            [
              76.92835520952286,
              17.478676878707574
            ],
            [
              76.9304585281186,
              17.47530043338341
            ],
            [
              76.92933753884563,
              17.47479253812412
            ],
            [
              76.9291133409917,
              17.473856937882843
            ],
            [
              76.93065470124162,
              17.473723280313195
            ],
            [
              76.93185976470915,
              17.472359967493873
            ],
            [
              76.93515870944339,
              17.46988540158334
            ],
            [
              76.9334492008029,
              17.468628989140612
            ],
            [
              76.92991387690336,
              17.46773851394086
            ],
            [
              76.92896103602237,
              17.46586723614189
            ],
            [
              76.92786807148184,
              17.465145452423016
            ],
            [
              76.92688720586835,
              17.465840503462616
            ],
            [
              76.92492547464138,
              17.46613456271932
            ],
            [
              76.92296374341589,
              17.465172185204324
            ],
            [
              76.92335608966033,
              17.464904857214123
            ],
            [
              76.92558505089215,
              17.465235834246243
            ],
            [
              76.92813530148658,
              17.464139787376325
            ],
            [
              76.93102433122249,
              17.46434249988387
            ],
            [
              76.93113643014948,
              17.46538508004545
            ],
            [
              76.93194914737103,
              17.466561317164818
            ],
            [
              76.93315421083844,
              17.466347456435344
            ],
            [
              76.93421462639736,
              17.46503066575093
            ],
            [
              76.93609228342837,
              17.46470987186639
            ],
            [
              76.93662475333235,
              17.463319758503914
            ],
            [
              76.93729734689583,
              17.46433561162037
            ],
            [
              76.93690500064986,
              17.464977200142826
            ],
            [
              76.93735339635936,
              17.465993044013132
            ],
            [
              76.93833426197284,
              17.46762372890332
            ],
            [
              76.9449256354236,
              17.46597504584676
            ],
            [
              76.9464950204046,
              17.465279995320714
            ],
            [
              76.9467421372064,
              17.463021827589472
            ],
            [
              76.947666953355,
              17.463422823573495
            ],
            [
              76.94761090389147,
              17.46200596714506
            ],
            [
              76.94640584042406,
              17.460990101034795
            ],
            [
              76.94668608774299,
              17.460722766906073
            ],
            [
              76.94667598640649,
              17.45880662632392
            ],
            [
              76.94552697240255,
              17.45650751244048
            ],
            [
              76.94558302186596,
              17.455972830635517
            ],
            [
              76.94597536811199,
              17.45594609650408
            ],
            [
              76.94661993694297,
              17.457202596441718
            ],
            [
              76.94771290148344,
              17.457924411636156
            ],
            [
              76.94894598968341,
              17.460223507638602
            ],
            [
              76.9505160588842,
              17.461380910037406
            ],
            [
              76.95132877610564,
              17.46274430506392
            ],
            [
              76.95194532020565,
              17.462450240333652
            ],
            [
              76.95250581484208,
              17.461755176355197
            ],
            [
              76.95401915035961,
              17.462075975444122
            ],
            [
              76.95477581811764,
              17.461434376701206
            ],
            [
              76.9554203869501,
              17.46087297594714
            ],
            [
              76.95662545041762,
              17.46087297594714
            ],
            [
              76.95822286012964,
              17.4607393088462
            ],
            [
              76.95825088486214,
              17.46124724330855
            ],
            [
              76.95847784189073,
              17.46159609038307
            ],
            [
              76.95861796555027,
              17.46258521995574
            ],
            [
              76.95934660857722,
              17.46320008157781
            ],
            [
              76.9618408097067,
              17.465098119577405
            ],
            [
              76.9632980957607,
              17.465258516248028
            ],
            [
              76.96397068932419,
              17.464670394430428
            ],
            [
              76.96422291191072,
              17.465205050706842
            ],
            [
              76.96517575279165,
              17.464884257129498
            ],
            [
              76.96694131089572,
              17.465953566856044
            ],
            [
              76.97000531096921,
              17.46467712402766
            ],
            [
              76.96871617330572,
              17.463821670752253
            ],
            [
              76.96745506037479,
              17.462378084239134
            ],
            [
              76.96639012056676,
              17.462698882230953
            ],
            [
              76.96434431514376,
              17.461201820102204
            ],
            [
              76.96383986997228,
              17.459891880645785
            ],
            [
              76.96333542479925,
              17.459277007856443
            ],
            [
              76.96288702908976,
              17.457967054559575
            ],
            [
              76.96330740006681,
              17.457432377037094
            ],
            [
              76.9622985097223,
              17.455774866746694
            ],
            [
              76.96350357318977,
              17.45679076193916
            ],
            [
              76.96585765066123,
              17.458261126527944
            ],
            [
              76.96938876686926,
              17.458421529219393
            ],
            [
              76.97006136043268,
              17.459116605918226
            ],
            [
              76.97039765721377,
              17.458474996751832
            ],
            [
              76.97336119120922,
              17.45792333292296
            ],
            [
              76.97451020521316,
              17.456479699665735
            ],
            [
              76.97448218048066,
              17.45581134706181
            ],
            [
              76.97568724394813,
              17.455864815360243
            ],
            [
              76.97527297557883,
              17.45345630162936
            ],
            [
              76.97485260460184,
              17.453055283707698
            ],
            [
              76.97507680245582,
              17.45265426490363
            ],
            [
              76.97485260460184,
              17.452360183886256
            ],
            [
              76.97432013469631,
              17.45024813354796
            ],
            [
              76.97474050567479,
              17.449927313633893
            ],
            [
              76.97521692611531,
              17.448430146568995
            ],
            [
              76.97541310204787,
              17.446989623632533
            ],
            [
              76.97664619024778,
              17.44701635907775
            ],
            [
              76.97922446557334,
              17.446027144991945
            ],
            [
              76.98221455643699,
              17.444837129656264
            ],
            [
              76.98148591340998,
              17.4436607522957
            ],
            [
              76.9820744327775,
              17.4423774228827
            ],
            [
              76.98252281244544,
              17.442977859904133
            ],
            [
              76.9857176318709,
              17.443672995501586
            ],
            [
              76.9889404760288,
              17.442443138410212
            ],
            [
              76.99228444240134,
              17.44144226339742
            ],
            [
              76.99113009217768,
              17.43919518091353
            ],
            [
              76.9893365093427,
              17.438526764938032
            ],
            [
              76.99037342441966,
              17.4384465548558
            ],
            [
              76.99014922656426,
              17.437671188914763
            ],
            [
              76.99127021583712,
              17.43697603044133
            ],
            [
              76.99323194706267,
              17.436788871938532
            ],
            [
              76.99283957734713,
              17.43407896203469
            ],
            [
              76.99440896232807,
              17.43244797701118
            ],
            [
              76.99421278920511,
              17.431458683910733
            ],
            [
              76.99631464409163,
              17.429239439336058
            ],
            [
              76.99746068446706,
              17.42902238491348
            ],
            [
              76.99785303071155,
              17.43073361406269
            ],
            [
              76.9990020447155,
              17.428835218251535
            ],
            [
              76.99981476193852,
              17.4274715696382
            ],
            [
              76.99981476193852,
              17.425733571343784
            ],
            [
              76.99883389632504,
              17.42554640130936
            ],
            [
              76.99844155008043,
              17.42474424184691
            ],
            [
              76.99754475866303,
              17.423915340032096
            ],
            [
              76.99855364900753,
              17.42348751826843
            ],
            [
              76.998301426421,
              17.42252491563491
            ],
            [
              76.9976848823211,
              17.42185643859746
            ],
            [
              76.99855364900753,
              17.421883177725874
            ],
            [
              76.99869377266702,
              17.421455351200407
            ],
            [
              77.00001093506154,
              17.42100078441797
            ],
            [
              76.99950648988857,
              17.418540756318762
            ],
            [
              76.99967463827898,
              17.417578127607513
            ],
            [
              77.00006698452506,
              17.41848727707915
            ],
            [
              77.001215998529,
              17.4183268392662
            ],
            [
              77.00172044370203,
              17.418808152282878
            ],
            [
              77.0012440232615,
              17.419449900998956
            ],
            [
              77.00200069101953,
              17.42124143756135
            ],
            [
              77.00415859536798,
              17.421936655970995
            ],
            [
              77.00502736205448,
              17.42247143756137
            ],
            [
              77.00399373568365,
              17.42335112277449
            ],
            [
              77.00662732225965,
              17.428978269285167
            ],
            [
              77.01073787414748,
              17.432293223521356
            ],
            [
              77.01409752497193,
              17.43269949318683
            ],
            [
              77.01622368207961,
              17.441840876949357
            ],
            [
              77.02222598549673,
              17.445962009344797
            ]
          ]
        ],
        "type": "Polygon"
      }
    },
    {
      "type": "Feature",
      "properties": {
        "Name": "Bhima Lift Dam"
      },
      "geometry": {
        "coordinates": [
          [
            [
              76.3552411380685,
              17.20994720886317
            ],
            [
              76.3539347326273,
              17.209581965451534
            ],
            [
              76.35253273654058,
              17.20869929089099
            ],
            [
              76.34976060791541,
              17.211073371518296
            ],
            [
              76.34931451825253,
              17.21137773862597
            ],
            [
              76.34921892760963,
              17.211773415117023
            ],
            [
              76.34702034283833,
              17.213630039654277
            ],
            [
              76.34533157482463,
              17.213569167014228
            ],
            [
              76.34555461965698,
              17.210921187776975
            ],
            [
              76.34679729800604,
              17.208607979489315
            ],
            [
              76.3464149354379,
              17.207603551094195
            ],
            [
              76.34666984381664,
              17.206568679772218
            ],
            [
              76.35447641293308,
              17.204285854917273
            ],
            [
              76.35501809323887,
              17.204894610966093
            ],
            [
              76.35492250259603,
              17.205959929231113
            ],
            [
              76.35552790999651,
              17.20641649232431
            ],
            [
              76.35559163709115,
              17.207481801827512
            ],
            [
              76.35594213611284,
              17.207938361165176
            ],
            [
              76.3552411380685,
              17.20994720886317
            ]
          ]
        ],
        "type": "Polygon"
      }
    },
    {
      "type": "Feature",
      "properties": {
        "Name": "Gandorinala Dam"
      },
      "geometry": {
        "coordinates": [
          [
            [
              76.91600887158859,
              17.557543764244215
            ],
            [
              76.92471505487003,
              17.563580495498044
            ],
            [
              76.92468291396375,
              17.564105022967652
            ],
            [
              76.92450377265357,
              17.56441000436473
            ],
            [
              76.9244653852304,
              17.56482477823951
            ],
            [
              76.92477248461813,
              17.56539814056022
            ],
            [
              76.92477248461813,
              17.565849509620307
            ],
            [
              76.92527152112416,
              17.56687423519999
            ],
            [
              76.92443979361411,
              17.566764443451078
            ],
            [
              76.92405591937882,
              17.567081619432685
            ],
            [
              76.92360806610407,
              17.56715481381083
            ],
            [
              76.92353129125644,
              17.5669596287359
            ],
            [
              76.92269956374639,
              17.5669840268817
            ],
            [
              76.92235407693556,
              17.5669840268817
            ],
            [
              76.92191248703904,
              17.56796306670647
            ],
            [
              76.92177173312979,
              17.568597413910567
            ],
            [
              76.92192528282357,
              17.569609925035948
            ],
            [
              76.92145183793389,
              17.56998809038815
            ],
            [
              76.92157255313055,
              17.572266184196124
            ],
            [
              76.92186685671146,
              17.57261994661465
            ],
            [
              76.92139341182042,
              17.57320548288996
            ],
            [
              76.92187965251958,
              17.57319328423722
            ],
            [
              76.92186685671146,
              17.57426676255959
            ],
            [
              76.92227632256174,
              17.574876690586848
            ],
            [
              76.92218888348339,
              17.57558794953769
            ],
            [
              76.92284146968461,
              17.57685658825841
            ],
            [
              76.92263673675814,
              17.577076159441575
            ],
            [
              76.92250877868065,
              17.576819993035727
            ],
            [
              76.92206092540579,
              17.576649215229835
            ],
            [
              76.92188178409566,
              17.576771199393534
            ],
            [
              76.92206092540579,
              17.577283531980683
            ],
            [
              76.92195855894192,
              17.57802763148767
            ],
            [
              76.92220167929156,
              17.578771727933287
            ],
            [
              76.92136995178146,
              17.578125218080956
            ],
            [
              76.92071736558154,
              17.576685810487717
            ],
            [
              76.91984926563583,
              17.576082699528243
            ],
            [
              76.91821772751535,
              17.574234152736125
            ],
            [
              76.91774428262568,
              17.574221954152733
            ],
            [
              76.91739879581348,
              17.574392734249614
            ],
            [
              76.91725804192652,
              17.57433174137607
            ],
            [
              76.91716847127202,
              17.573855996258715
            ],
            [
              76.91675900542043,
              17.573770605976776
            ],
            [
              76.91546083978426,
              17.572313905705727
            ],
            [
              76.9152305152428,
              17.57198454016097
            ],
            [
              76.91478266196935,
              17.57166737277312
            ],
            [
              76.91394324570598,
              17.571057561190344
            ],
            [
              76.91212624099194,
              17.570313433013595
            ],
            [
              76.91119214701803,
              17.570093853622254
            ],
            [
              76.91007783768833,
              17.57045643814436
            ],
            [
              76.90923331437011,
              17.570919993395705
            ],
            [
              76.90886315416225,
              17.572712385363786
            ],
            [
              76.90853046315823,
              17.573041749584107
            ],
            [
              76.90849207573507,
              17.573432106401626
            ],
            [
              76.9092854158207,
              17.57356629136322
            ],
            [
              76.90951574036211,
              17.573737072079723
            ],
            [
              76.9093749864764,
              17.573895654028973
            ],
            [
              76.91073228281488,
              17.575423163871235
            ],
            [
              76.91176874414174,
              17.577274252467078
            ],
            [
              76.91183816443817,
              17.57789649481198
            ],
            [
              76.91177418539871,
              17.579628650275325
            ],
            [
              76.91295139971965,
              17.580250758399018
            ],
            [
              76.91325849910868,
              17.580653297809576
            ],
            [
              76.9132029399172,
              17.58074989039281
            ],
            [
              76.9125145243396,
              17.58057659189636
            ],
            [
              76.91165837304624,
              17.580547503545773
            ],
            [
              76.91126555592189,
              17.580728887322138
            ],
            [
              76.90938966089658,
              17.583512781216257
            ],
            [
              76.90775642554297,
              17.58460441621017
            ],
            [
              76.90535350455912,
              17.585910790407112
            ],
            [
              76.90572896096387,
              17.586716084867163
            ],
            [
              76.9059542348055,
              17.587252945846828
            ],
            [
              76.9061795086472,
              17.587646642885503
            ],
            [
              76.90471522867335,
              17.58676977103633
            ],
            [
              76.90238753720507,
              17.586179218086002
            ],
            [
              76.90127994081536,
              17.58639396330757
            ],
            [
              76.89624882500794,
              17.585803413335583
            ],
            [
              76.89403218952646,
              17.586507357298302
            ],
            [
              76.89207981622792,
              17.5873126490998
            ],
            [
              76.89241772699148,
              17.588368470693382
            ],
            [
              76.89350655056057,
              17.58958534216687
            ],
            [
              76.89140399470097,
              17.589173754203173
            ],
            [
              76.89043358785784,
              17.588154339083587
            ],
            [
              76.88923212736682,
              17.587850119574682
            ],
            [
              76.88788048431479,
              17.58849434851693
            ],
            [
              76.88545879051225,
              17.589657533847472
            ],
            [
              76.886153384858,
              17.588046967550795
            ],
            [
              76.88739239099016,
              17.58672271340002
            ],
            [
              76.88823716789699,
              17.585523718165604
            ],
            [
              76.88880539785373,
              17.58461842495639
            ],
            [
              76.8903823147474,
              17.582649898215507
            ],
            [
              76.8945123351881,
              17.580341325913906
            ],
            [
              76.89957157102367,
              17.578443347887728
            ],
            [
              76.90253767661272,
              17.579427636834893
            ],
            [
              76.9036265001838,
              17.579785558760264
            ],
            [
              76.90415213914775,
              17.57883706410945
            ],
            [
              76.90383300120487,
              17.578067527058806
            ],
            [
              76.90167412688533,
              17.576349479038143
            ],
            [
              76.90049143921306,
              17.575884171557277
            ],
            [
              76.89634264595367,
              17.57618841119927
            ],
            [
              76.89425886291468,
              17.5756694138542
            ],
            [
              76.89301985678247,
              17.57602734321705
            ],
            [
              76.89306900512673,
              17.575280701763475
            ],
            [
              76.8930126866668,
              17.57352683388099
            ],
            [
              76.8947397861237,
              17.573079415882034
            ],
            [
              76.89543438046928,
              17.57293624188911
            ],
            [
              76.89682356916262,
              17.57222037022305
            ],
            [
              76.89797439593315,
              17.571407958811463
            ],
            [
              76.89829353387603,
              17.568902374426685
            ],
            [
              76.89791038174553,
              17.56821949644906
            ],
            [
              76.89849233917136,
              17.56716355722496
            ],
            [
              76.89717824175858,
              17.56650135490723
            ],
            [
              76.8974222884209,
              17.565785457784685
            ],
            [
              76.89923935882393,
              17.565037497967538
            ],
            [
              76.90085382135891,
              17.56360568931015
            ],
            [
              76.9010234543407,
              17.56275693646559
            ],
            [
              76.89892089848104,
              17.55923104283609
            ],
            [
              76.89892586650546,
              17.558210745627747
            ],
            [
              76.8994139598301,
              17.558443422238568
            ],
            [
              76.90048401057857,
              17.558157050982373
            ],
            [
              76.90115983210563,
              17.558765589359325
            ],
            [
              76.90253024797829,
              17.558353931269508
            ],
            [
              76.9028681587418,
              17.55906985778094
            ],
            [
              76.90292447720174,
              17.55853291316251
            ],
            [
              76.90358152590818,
              17.558980367122402
            ],
            [
              76.90572139035089,
              17.559051975717935
            ],
            [
              76.90729830724473,
              17.558443438302433
            ],
            [
              76.90861240465745,
              17.558425540112736
            ],
            [
              76.90960887359762,
              17.558783029547982
            ],
            [
              76.91152370125684,
              17.557136391730992
            ],
            [
              76.91426453300227,
              17.557386968016473
            ],
            [
              76.91600887158859,
              17.557543764244215
            ]
          ]
        ],
        "type": "Polygon"
      }
    },
    {
      "type": "Feature",
      "properties": {
        "Name": "Lower Mullamari Dam"
      },
      "geometry": {
        "coordinates": [
          [
            [
              77.26400202061564,
              17.532885730669875
            ],
            [
              77.27173643930894,
              17.539757826041537
            ],
            [
              77.27166095521983,
              17.540070234644162
            ],
            [
              77.27154728333971,
              17.540267881176476
            ],
            [
              77.27154728333971,
              17.540459151808932
            ],
            [
              77.27144698462234,
              17.54051653295936
            ],
            [
              77.27143361145966,
              17.540765184401153
            ],
            [
              77.2713734322329,
              17.54087357082186
            ],
            [
              77.27133188326877,
              17.541051635152172
            ],
            [
              77.27140543566219,
              17.541274783239032
            ],
            [
              77.27148567463695,
              17.541344915438458
            ],
            [
              77.2713920624995,
              17.54147880410676
            ],
            [
              77.27157260019163,
              17.541568063164263
            ],
            [
              77.27166621232902,
              17.541650946535242
            ],
            [
              77.27167289891042,
              17.541893220786932
            ],
            [
              77.27150573443527,
              17.54191872340543
            ],
            [
              77.27138537597392,
              17.5419314746714
            ],
            [
              77.27170633187143,
              17.542199251042575
            ],
            [
              77.27175577596176,
              17.54246060648981
            ],
            [
              77.2716822235684,
              17.54259449433401
            ],
            [
              77.27178920886712,
              17.542664626022187
            ],
            [
              77.27184938809773,
              17.542651874808456
            ],
            [
              77.27190956732852,
              17.542817640521378
            ],
            [
              77.27200317946591,
              17.542938776907647
            ],
            [
              77.27191916787683,
              17.543388316336106
            ],
            [
              77.27205258566244,
              17.543426136230835
            ],
            [
              77.27205258566244,
              17.543309238349565
            ],
            [
              77.27211749161216,
              17.543233598503434
            ],
            [
              77.27238432718349,
              17.543584292068076
            ],
            [
              77.27287112191743,
              17.543518966883838
            ],
            [
              77.27291439255009,
              17.54357053942799
            ],
            [
              77.27318122812136,
              17.543608359284676
            ],
            [
              77.27346064479599,
              17.54399566299506
            ],
            [
              77.27344982713748,
              17.544198514384306
            ],
            [
              77.2732659269468,
              17.54447012860112
            ],
            [
              77.2734053037102,
              17.544675682958726
            ],
            [
              77.2732250094042,
              17.544837275850057
            ],
            [
              77.27330794478485,
              17.54496792531704
            ],
            [
              77.27323222117656,
              17.545139832366388
            ],
            [
              77.27337429985704,
              17.545350128101077
            ],
            [
              77.27326972915938,
              17.545535787315416
            ],
            [
              77.2733274233367,
              17.54574207510882
            ],
            [
              77.27313631137378,
              17.545748951364757
            ],
            [
              77.27299568181724,
              17.545680188795373
            ],
            [
              77.27286586991778,
              17.545759265748075
            ],
            [
              77.27285314500307,
              17.545988523536124
            ],
            [
              77.27273415076218,
              17.546050409744225
            ],
            [
              77.27284953911692,
              17.54623263012317
            ],
            [
              77.27267645658486,
              17.54623263012317
            ],
            [
              77.27249976816654,
              17.546407974088183
            ],
            [
              77.27260794474887,
              17.546456107696457
            ],
            [
              77.27233331400834,
              17.546565020694956
            ],
            [
              77.27237297875479,
              17.546692230805647
            ],
            [
              77.27218907856417,
              17.546822878935274
            ],
            [
              77.2722575904001,
              17.54710480352462
            ],
            [
              77.27212056672823,
              17.547097927320905
            ],
            [
              77.27198714894257,
              17.54702572715985
            ],
            [
              77.27198094069064,
              17.54740662321096
            ],
            [
              77.2721540232227,
              17.5475578993873
            ],
            [
              77.27223695860329,
              17.547709175437376
            ],
            [
              77.27233792341337,
              17.547767622968323
            ],
            [
              77.27208190550215,
              17.547977346306553
            ],
            [
              77.2720722660581,
              17.548340301004075
            ],
            [
              77.27225256036263,
              17.548484700249105
            ],
            [
              77.27221698369596,
              17.548571375840297
            ],
            [
              77.27206914236564,
              17.548550747393833
            ],
            [
              77.27201865996057,
              17.548640137312475
            ],
            [
              77.27201866003583,
              17.54882579313805
            ],
            [
              77.27218092490938,
              17.548970191996162
            ],
            [
              77.27228170695821,
              17.549314806430587
            ],
            [
              77.27226367752735,
              17.54947295712762
            ],
            [
              77.27205453613493,
              17.54964829795763
            ],
            [
              77.27200765961459,
              17.54958297492321
            ],
            [
              77.27214107740025,
              17.549349187028838
            ],
            [
              77.27197881252664,
              17.54924948327593
            ],
            [
              77.27195357132342,
              17.549036323344723
            ],
            [
              77.27181654765309,
              17.549046637540954
            ],
            [
              77.27156052974038,
              17.548819725093125
            ],
            [
              77.27120011457816,
              17.5487993773925
            ],
            [
              77.2707834783671,
              17.548733185469743
            ],
            [
              77.27072305088257,
              17.548632649845985
            ],
            [
              77.27071220974369,
              17.548467264061316
            ],
            [
              77.27083688283722,
              17.548379402801658
            ],
            [
              77.27089108858792,
              17.548446590910658
            ],
            [
              77.27098865883539,
              17.548338056394357
            ],
            [
              77.27092102527797,
              17.548279857605507
            ],
            [
              77.2707883220175,
              17.548367975074
            ],
            [
              77.27073618859504,
              17.548316008366854
            ],
            [
              77.27073381889488,
              17.548166886429854
            ],
            [
              77.27065561875912,
              17.547999688960118
            ],
            [
              77.27047991617758,
              17.54798192602229
            ],
            [
              77.2703685402281,
              17.547803431238208
            ],
            [
              77.27047754647742,
              17.54772209178479
            ],
            [
              77.27029034009234,
              17.54747129490768
            ],
            [
              77.27017100038489,
              17.54741377353578
            ],
            [
              77.26998616370395,
              17.547275948032578
            ],
            [
              77.26980369672111,
              17.54721494326884
            ],
            [
              77.26937952023252,
              17.54718331116098
            ],
            [
              77.26902880447551,
              17.54713586298837
            ],
            [
              77.26848188564844,
              17.546719216328356
            ],
            [
              77.26850558265966,
              17.546556536412538
            ],
            [
              77.26826624285201,
              17.54623343558923
            ],
            [
              77.2680908849735,
              17.546276365102514
            ],
            [
              77.26794159380626,
              17.546409672472763
            ],
            [
              77.2679392241061,
              17.546477455844737
            ],
            [
              77.26772850235625,
              17.546666795044274
            ],
            [
              77.26757210208473,
              17.546820437097992
            ],
            [
              77.26746309583746,
              17.546689389471737
            ],
            [
              77.26741333211498,
              17.546461185621112
            ],
            [
              77.26751285955987,
              17.546330137734998
            ],
            [
              77.26742281091947,
              17.546260094860827
            ],
            [
              77.26742518061957,
              17.546083857831817
            ],
            [
              77.26733039257704,
              17.545997998703953
            ],
            [
              77.26737774373112,
              17.545850818479224
            ],
            [
              77.26716210093662,
              17.545656505408473
            ],
            [
              77.26688853268428,
              17.54523918268069
            ],
            [
              77.26326598650564,
              17.544271269253613
            ],
            [
              77.26009870161835,
              17.544271457829467
            ],
            [
              77.25640703726276,
              17.543667561702023
            ],
            [
              77.25724381155402,
              17.5479936204477
            ],
            [
              77.25534432583589,
              17.54930100477094
            ],
            [
              77.25355276256573,
              17.550307040575376
            ],
            [
              77.25503071815211,
              17.553626571309536
            ],
            [
              77.25837781243195,
              17.55683172409138
            ],
            [
              77.2617771246554,
              17.55985985662535
            ],
            [
              77.2563830293152,
              17.557538681156743
            ],
            [
              77.25280699381312,
              17.556136249331942
            ],
            [
              77.24975113891855,
              17.55382512516391
            ],
            [
              77.25070593968866,
              17.55201743800683
            ],
            [
              77.24869650675868,
              17.550909241339028
            ],
            [
              77.24744339373598,
              17.55094192238647
            ],
            [
              77.24853697266451,
              17.549597419331064
            ],
            [
              77.24735705855835,
              17.549377907680295
            ],
            [
              77.24845063748546,
              17.548746810203355
            ],
            [
              77.24879597819864,
              17.547155337240312
            ],
            [
              77.2477023992717,
              17.5453992129209
            ],
            [
              77.24381145014695,
              17.54463452674966
            ],
            [
              77.24155207902635,
              17.545331382974098
            ],
            [
              77.23951879854218,
              17.54636259797215
            ],
            [
              77.2392592308214,
              17.54826001823578
            ],
            [
              77.23930249210815,
              17.55003367573042
            ],
            [
              77.23791813092714,
              17.552467270546103
            ],
            [
              77.23668327459995,
              17.554070067695264
            ],
            [
              77.24044700655861,
              17.55807095609117
            ],
            [
              77.2393654743862,
              17.558277185055843
            ],
            [
              77.23651022945165,
              17.555554943805546
            ],
            [
              77.23421738124665,
              17.55534871174072
            ],
            [
              77.23374150709179,
              17.55320388434157
            ],
            [
              77.23560174242766,
              17.55126526849486
            ],
            [
              77.23625066173082,
              17.550481566837448
            ],
            [
              77.23430390382134,
              17.54866666577429
            ],
            [
              77.23102516217216,
              17.546268199239705
            ],
            [
              77.22912166554943,
              17.547629394760918
            ],
            [
              77.22730469149923,
              17.549568049515102
            ],
            [
              77.22567803704777,
              17.549345335715742
            ],
            [
              77.22572129833452,
              17.547819160556983
            ],
            [
              77.2244234597282,
              17.548355385726254
            ],
            [
              77.22303909854833,
              17.550995240344122
            ],
            [
              77.22208735023645,
              17.552438894567942
            ],
            [
              77.22135190835962,
              17.550129042288376
            ],
            [
              77.21979450203133,
              17.551077735180925
            ],
            [
              77.21862644728543,
              17.55194392870159
            ],
            [
              77.21741513125266,
              17.556563557519326
            ],
            [
              77.21559817009717,
              17.556439822891335
            ],
            [
              77.21408402505568,
              17.557883433717436
            ],
            [
              77.21278618564332,
              17.558254645606468
            ],
            [
              77.21455989840558,
              17.556316083820406
            ],
            [
              77.21525207899663,
              17.555119939600473
            ],
            [
              77.21477620484075,
              17.55433625462156
            ],
            [
              77.21590099829984,
              17.55429500794982
            ],
            [
              77.21654991760306,
              17.552810121509168
            ],
            [
              77.21585773701304,
              17.551077738610857
            ],
            [
              77.21650665631626,
              17.550335283724948
            ],
            [
              77.21603078216026,
              17.54880911690624
            ],
            [
              77.21620382730748,
              17.5474891784782
            ],
            [
              77.21802080135768,
              17.547654171308253
            ],
            [
              77.21918885610359,
              17.546746708887667
            ],
            [
              77.21862645937404,
              17.545385506735784
            ],
            [
              77.21715557561942,
              17.5442717882796
            ],
            [
              77.21434359197167,
              17.545756744700526
            ],
            [
              77.21075290516023,
              17.548891612738515
            ],
            [
              77.20820048923326,
              17.549427834733763
            ],
            [
              77.20681612805339,
              17.549386586944436
            ],
            [
              77.2047395862823,
              17.55264513337582
            ],
            [
              77.20179781877414,
              17.556192345129745
            ],
            [
              77.19972127700424,
              17.55709976023327
            ],
            [
              77.20119216075778,
              17.55532617192685
            ],
            [
              77.1973419062245,
              17.554501241214467
            ],
            [
              77.19440013871628,
              17.553635059922797
            ],
            [
              77.19275620981438,
              17.55248014509111
            ],
            [
              77.19176120021683,
              17.549964055142013
            ],
            [
              77.19241011951999,
              17.54967532127276
            ],
            [
              77.19396752584822,
              17.551283975538553
            ],
            [
              77.19613059019173,
              17.553181344260835
            ],
            [
              77.19863974483195,
              17.552933862510542
            ],
            [
              77.20041345759427,
              17.553470072540833
            ],
            [
              77.20227369293008,
              17.55215016807304
            ],
            [
              77.20383109925837,
              17.549964055142013
            ],
            [
              77.20184108006094,
              17.54864412512792
            ],
            [
              77.20149498976656,
              17.546952950745464
            ],
            [
              77.20011062858543,
              17.54555050148126
            ],
            [
              77.20179781877414,
              17.545797993316214
            ],
            [
              77.2026630445124,
              17.54645796989128
            ],
            [
              77.2026630445124,
              17.54786041213312
            ],
            [
              77.20422045083956,
              17.546870454030497
            ],
            [
              77.20460980242194,
              17.548726621035314
            ],
            [
              77.20569133459418,
              17.5474891784782
            ],
            [
              77.20906571497159,
              17.546705460487928
            ],
            [
              77.20651329904456,
              17.545509252809254
            ],
            [
              77.20828701180795,
              17.54476677510526
            ],
            [
              77.20936854397917,
              17.544189290344107
            ],
            [
              77.21083942773384,
              17.545797993316214
            ],
            [
              77.21269966306977,
              17.54451928186195
            ],
            [
              77.21218052762697,
              17.54357055462951
            ],
            [
              77.21494924998797,
              17.542415575643957
            ],
            [
              77.21585930065305,
              17.542385893754897
            ],
            [
              77.21581603936625,
              17.540075913326206
            ],
            [
              77.21568625550589,
              17.537518400658158
            ],
            [
              77.21646495867054,
              17.536487135343336
            ],
            [
              77.21538342649819,
              17.533475807055368
            ],
            [
              77.21733018440773,
              17.533929572052216
            ],
            [
              77.21832519400641,
              17.5381371570313
            ],
            [
              77.21927694231721,
              17.54172590235072
            ],
            [
              77.21988260033356,
              17.544365853547703
            ],
            [
              77.2220456646782,
              17.54523207915595
            ],
            [
              77.22399242258882,
              17.545108332894273
            ],
            [
              77.22472786446554,
              17.543375876355555
            ],
            [
              77.22537678376875,
              17.54275713786302
            ],
            [
              77.22680440623657,
              17.543829616572737
            ],
            [
              77.22784267712098,
              17.542715888555193
            ],
            [
              77.22920108148577,
              17.541852968624923
            ],
            [
              77.22980673950212,
              17.541027976567847
            ],
            [
              77.22833585574858,
              17.537562968930274
            ],
            [
              77.23110457810844,
              17.53900673016173
            ],
            [
              77.23523170704681,
              17.539399749513635
            ],
            [
              77.2380004294078,
              17.539605999731947
            ],
            [
              77.24029327761275,
              17.536305968075368
            ],
            [
              77.23938479058768,
              17.53469718086481
            ],
            [
              77.24055284533364,
              17.531974585378222
            ],
            [
              77.24236981938265,
              17.53440842267571
            ],
            [
              77.24366765798896,
              17.537832240182937
            ],
            [
              77.245268325604,
              17.538162243274016
            ],
            [
              77.24730160608829,
              17.536800976653183
            ],
            [
              77.24764769638273,
              17.53539844884041
            ],
            [
              77.248512922121,
              17.53515094280543
            ],
            [
              77.24987439746053,
              17.537149002985473
            ],
            [
              77.2545466164442,
              17.536488992515302
            ],
            [
              77.25619054534604,
              17.535375219398716
            ],
            [
              77.25528205832097,
              17.533147652641333
            ],
            [
              77.25645011306688,
              17.533230155602666
            ],
            [
              77.26034362888697,
              17.534756453599087
            ],
            [
              77.2612088546241,
              17.535251466407047
            ],
            [
              77.26171470616913,
              17.533476125384652
            ],
            [
              77.26400202061564,
              17.532885730669875
            ]
          ]
        ],
        "type": "Polygon"
      }
    },
    {
      "type": "Feature",
      "properties": {
        "Name": "Upper Mullamari Dam"
      },
      "geometry": {
        "coordinates": [
          [
            [
              77.0170942333358,
              17.719752594322102
            ],
            [
              77.01519225393758,
              17.718126663703558
            ],
            [
              77.01465579821058,
              17.718033752937387
            ],
            [
              77.01420062365298,
              17.717832446111785
            ],
            [
              77.0144769796338,
              17.717429831782823
            ],
            [
              77.01416811118554,
              17.71724400947953
            ],
            [
              77.01364791166174,
              17.7172285242808
            ],
            [
              77.01339874021363,
              17.71773927568408
            ],
            [
              77.0121144977137,
              17.718126404194948
            ],
            [
              77.01206572901168,
              17.718529016960133
            ],
            [
              77.01180562926544,
              17.718761293145064
            ],
            [
              77.01149676081553,
              17.7191019643369
            ],
            [
              77.01123666106923,
              17.71890065871048
            ],
            [
              77.00978985622703,
              17.71944263488237
            ],
            [
              77.00897704451921,
              17.720650461600755
            ],
            [
              77.00783910812686,
              17.720139458981848
            ],
            [
              77.00744895850755,
              17.720294308414523
            ],
            [
              77.00715634629216,
              17.720820795483448
            ],
            [
              77.0052156977805,
              17.720909495662298
            ],
            [
              77.00302110616701,
              17.72310833562338
            ],
            [
              77.00370386800171,
              17.724254199279898
            ],
            [
              77.00370460570491,
              17.725489510086675
            ],
            [
              77.003395737255,
              17.725102397473478
            ],
            [
              77.00255916423635,
              17.725008671856514
            ],
            [
              77.00195768357275,
              17.72403314385241
            ],
            [
              77.0014537403132,
              17.72403314385241
            ],
            [
              77.0013074342055,
              17.723599574146746
            ],
            [
              77.00080349094588,
              17.72338278890112
            ],
            [
              76.99901530518804,
              17.72431186668122
            ],
            [
              76.99914535506116,
              17.725179001598605
            ],
            [
              76.99876438087307,
              17.72559364956706
            ],
            [
              76.99811413150576,
              17.725516227155936
            ],
            [
              76.99751071081556,
              17.72927266202157
            ],
            [
              76.99676292404428,
              17.73006235249288
            ],
            [
              76.99627523701923,
              17.729969447911543
            ],
            [
              76.99599888103842,
              17.727522943287923
            ],
            [
              76.99490971334808,
              17.72705841332119
            ],
            [
              76.99343039529333,
              17.727244225359
            ],
            [
              76.9923998976414,
              17.729366862088668
            ],
            [
              76.99122944878167,
              17.731085594813067
            ],
            [
              76.99042959197584,
              17.731740141987714
            ],
            [
              76.99010446729301,
              17.73158530244322
            ],
            [
              76.98995816118537,
              17.730981426940033
            ],
            [
              76.98921037441238,
              17.73099691095308
            ],
            [
              76.98841381893914,
              17.732111756349425
            ],
            [
              76.98722194223706,
              17.732579751347018
            ],
            [
              76.98601898090811,
              17.73230104137653
            ],
            [
              76.98601898090811,
              17.732084266654525
            ],
            [
              76.98647415546571,
              17.731604264551663
            ],
            [
              76.98762834809088,
              17.73163523246798
            ],
            [
              76.98818106005422,
              17.73061328840187
            ],
            [
              76.99041089241877,
              17.729315873022273
            ],
            [
              76.99034586748047,
              17.728092620423624
            ],
            [
              76.99002457158872,
              17.72733084690043
            ],
            [
              76.9897482156079,
              17.726912769535957
            ],
            [
              76.99067482095603,
              17.72644823798788
            ],
            [
              76.9914551201964,
              17.725797891798365
            ],
            [
              76.99091120691281,
              17.7236201095199
            ],
            [
              76.99000085779932,
              17.722582635015073
            ],
            [
              76.98977485941924,
              17.72097895019141
            ],
            [
              76.99032757138258,
              17.719910490467058
            ],
            [
              76.99091279581154,
              17.719229150506564
            ],
            [
              76.99073397723652,
              17.718315531497552
            ],
            [
              76.99066895229987,
              17.717727096450318
            ],
            [
              76.99048617081144,
              17.716930722956334
            ],
            [
              76.99067560547849,
              17.71684801664911
            ],
            [
              76.99116497836945,
              17.71821642519663
            ],
            [
              76.99161488570388,
              17.71924648408303
            ],
            [
              76.99162277881521,
              17.719502118218642
            ],
            [
              76.99183589281625,
              17.719607379227682
            ],
            [
              76.99186069667536,
              17.720027868074908
            ],
            [
              76.99094509578396,
              17.72113310234502
            ],
            [
              76.99105559933929,
              17.721313548109194
            ],
            [
              76.99197909334202,
              17.72180225447616
            ],
            [
              76.99238276578637,
              17.721804713261847
            ],
            [
              76.99271427645414,
              17.72172200920258
            ],
            [
              76.99347201512381,
              17.72165434221627
            ],
            [
              76.99400085357155,
              17.721774639062815
            ],
            [
              76.99554001024336,
              17.721609230877633
            ],
            [
              76.99731552601395,
              17.72001595450932
            ],
            [
              76.99764703668166,
              17.718925750694225
            ],
            [
              76.99811315028035,
              17.718678027513306
            ],
            [
              76.99927343761811,
              17.718948699798062
            ],
            [
              77.00061526651155,
              17.71832464919369
            ],
            [
              77.001530867403,
              17.717234435095747
            ],
            [
              77.00157932797947,
              17.716151148192452
            ],
            [
              77.0008373755324,
              17.71530152334155
            ],
            [
              77.00141485510994,
              17.713823280393285
            ],
            [
              77.00140696199861,
              17.71325936322536
            ],
            [
              77.0003256057725,
              17.713011239109136
            ],
            [
              76.99986301067776,
              17.712832251176735
            ],
            [
              76.99940521023206,
              17.712809694398885
            ],
            [
              76.99945256889833,
              17.712290887737836
            ],
            [
              77.00004455223512,
              17.71220817929124
            ],
            [
              77.00051813890349,
              17.712185622435726
            ],
            [
              77.00069178734788,
              17.71177207957645
            ],
            [
              77.00110222912724,
              17.711779598546215
            ],
            [
              77.002286195799,
              17.71158410523482
            ],
            [
              77.00309918624646,
              17.711538991363184
            ],
            [
              77.00398066058943,
              17.712184626554063
            ],
            [
              77.00402012614609,
              17.711801159569788
            ],
            [
              77.00533038259431,
              17.711921463025448
            ],
            [
              77.00818179754071,
              17.712380126648668
            ],
            [
              77.00829230109775,
              17.712553062283305
            ],
            [
              77.00817390442933,
              17.712771111323562
            ],
            [
              77.00818969065205,
              17.71297412226116
            ],
            [
              77.0084580564307,
              17.71284630058669
            ],
            [
              77.00988670990563,
              17.712959084461417
            ],
            [
              77.01063833169678,
              17.712572847521812
            ],
            [
              77.01095405614183,
              17.712610442198823
            ],
            [
              77.01184597770083,
              17.71273826404139
            ],
            [
              77.01216959525726,
              17.713091653367428
            ],
            [
              77.01265896814829,
              17.713114210109055
            ],
            [
              77.01287997526066,
              17.713016464207143
            ],
            [
              77.01306151681632,
              17.713159323584563
            ],
            [
              77.01321148592837,
              17.714084147326588
            ],
            [
              77.01254846459295,
              17.714820995349882
            ],
            [
              77.01171071051681,
              17.71489030937896
            ],
            [
              77.01082668206902,
              17.715078280256932
            ],
            [
              77.01062146117937,
              17.7152963262277
            ],
            [
              77.01078721651407,
              17.715401589705195
            ],
            [
              77.01157652762748,
              17.715559484805198
            ],
            [
              77.01197118318578,
              17.715469259050906
            ],
            [
              77.01348666052365,
              17.715424146156366
            ],
            [
              77.01524682725784,
              17.71590535090462
            ],
            [
              77.0156809483712,
              17.7158677569181
            ],
            [
              77.01531786525817,
              17.716612116381484
            ],
            [
              77.01647962954553,
              17.717693246403016
            ],
            [
              77.0169929096188,
              17.718452780359755
            ],
            [
              77.0170942333358,
              17.719752594322102
            ]
          ]
        ],
        "type": "Polygon"
      }
    },
    {
      "type": "Feature",
      "properties": {
        "Name": "Chandrampalli Dam"
      },
      "geometry": {
        "coordinates": [
          [
            [
              77.46318205790413,
              17.531558963327228
            ],
            [
              77.46466214459798,
              17.531887658489055
            ],
            [
              77.4647207564617,
              17.532204364307063
            ],
            [
              77.46464260730937,
              17.53261421807443
            ],
            [
              77.4638415784957,
              17.533787885101262
            ],
            [
              77.46431047341156,
              17.534570325566833
            ],
            [
              77.46658471090905,
              17.53448591927912
            ],
            [
              77.46773741090703,
              17.53500754462307
            ],
            [
              77.46894872277085,
              17.53485850896294
            ],
            [
              77.47014049734605,
              17.53474673213819
            ],
            [
              77.47051170582102,
              17.53511932128704
            ],
            [
              77.47162533124396,
              17.53547328026896
            ],
            [
              77.47182431563624,
              17.53820144445639
            ],
            [
              77.4729965529229,
              17.539039752990817
            ],
            [
              77.4733872984404,
              17.539803541672654
            ],
            [
              77.47426647640646,
              17.539840799582777
            ],
            [
              77.47538010182933,
              17.54045555399489
            ],
            [
              77.47657187640453,
              17.540269264998713
            ],
            [
              77.47693367644507,
              17.54092352497902
            ],
            [
              77.47486272390393,
              17.54094215381943
            ],
            [
              77.47378817305815,
              17.541035297995705
            ],
            [
              77.47392493407415,
              17.54237656882259
            ],
            [
              77.4748041120402,
              17.542786399595684
            ],
            [
              77.47462827644705,
              17.54310308637622
            ],
            [
              77.47576143915853,
              17.54492868173361
            ],
            [
              77.47725671419312,
              17.546244804660375
            ],
            [
              77.47762792266809,
              17.548368417839583
            ],
            [
              77.47918665243708,
              17.549649728444805
            ],
            [
              77.48047611345316,
              17.548997749200538
            ],
            [
              77.48059333718061,
              17.54991051948494
            ],
            [
              77.48094500836697,
              17.550543867592935
            ],
            [
              77.48029529765813,
              17.553072019286844
            ],
            [
              77.4813503112153,
              17.55376123891567
            ],
            [
              77.48152614680839,
              17.553779866436273
            ],
            [
              77.48146753494473,
              17.554580848033652
            ],
            [
              77.48195596714714,
              17.55556809954581
            ],
            [
              77.48279607053598,
              17.55603378235317
            ],
            [
              77.48404645697696,
              17.55532594401251
            ],
            [
              77.48539452985676,
              17.555270061920012
            ],
            [
              77.48638361319502,
              17.553964149104786
            ],
            [
              77.48673528438144,
              17.552976888849784
            ],
            [
              77.48554350980623,
              17.54925132998794
            ],
            [
              77.48659852336544,
              17.547109098952035
            ],
            [
              77.48929466912506,
              17.546568880169715
            ],
            [
              77.48884531149781,
              17.54684830387862
            ],
            [
              77.48773168607488,
              17.547109098952035
            ],
            [
              77.48612962844959,
              17.549120934040786
            ],
            [
              77.48640315048362,
              17.55003370370457
            ],
            [
              77.48682566399384,
              17.550890059297387
            ],
            [
              77.48809558772138,
              17.551001826167735
            ],
            [
              77.4886035572124,
              17.551840075491683
            ],
            [
              77.48945899371137,
              17.554307733411477
            ],
            [
              77.48873611405207,
              17.556338115812835
            ],
            [
              77.48770581691724,
              17.557378461555174
            ],
            [
              77.48672895251235,
              17.55898038937451
            ],
            [
              77.48719784742616,
              17.559874482458866
            ],
            [
              77.48631866946226,
              17.559315674798157
            ],
            [
              77.48530273048021,
              17.559278420892852
            ],
            [
              77.48479476098919,
              17.560284273647525
            ],
            [
              77.48416956776873,
              17.559054897300058
            ],
            [
              77.48179156022479,
              17.55902362300337
            ],
            [
              77.47882189243114,
              17.557328559815232
            ],
            [
              77.47799293407542,
              17.55835284213731
            ],
            [
              77.47797339678681,
              17.556452873088062
            ],
            [
              77.47785617305732,
              17.555670527097007
            ],
            [
              77.47738727814351,
              17.554385237061354
            ],
            [
              77.47711375610947,
              17.553677392277706
            ],
            [
              77.47582429509333,
              17.551833257348505
            ],
            [
              77.47517956458626,
              17.55209404524632
            ],
            [
              77.47424177475659,
              17.553248958563927
            ],
            [
              77.47342120865636,
              17.553975432523387
            ],
            [
              77.47289370187673,
              17.55516758860459
            ],
            [
              77.47231235244283,
              17.55550808174597
            ],
            [
              77.47248818803604,
              17.556625718844103
            ],
            [
              77.47100335414024,
              17.55651395544396
            ],
            [
              77.47010463888762,
              17.556998263009717
            ],
            [
              77.46899101346474,
              17.55735217925863
            ],
            [
              77.46754525414406,
              17.558302161556824
            ],
            [
              77.46697867278931,
              17.560053096264667
            ],
            [
              77.46635347956885,
              17.560481513880333
            ],
            [
              77.46457558635029,
              17.560947184051855
            ],
            [
              77.46381363211378,
              17.561785387343832
            ],
            [
              77.46395039312983,
              17.560984437614806
            ],
            [
              77.46420437787538,
              17.559866827419157
            ],
            [
              77.46613856939842,
              17.558320788611383
            ],
            [
              77.46743754923568,
              17.555877106206125
            ],
            [
              77.46591364076266,
              17.554629072505946
            ],
            [
              77.46579641703323,
              17.554032993673374
            ],
            [
              77.46644114754224,
              17.554219268519688
            ],
            [
              77.46849256279285,
              17.55466632736774
            ],
            [
              77.46995785940214,
              17.554200641043252
            ],
            [
              77.47005330487934,
              17.552332999477898
            ],
            [
              77.46991311330498,
              17.550996251590135
            ],
            [
              77.47042108279601,
              17.548295199522556
            ],
            [
              77.47122211160968,
              17.546711805451977
            ],
            [
              77.47039496613866,
              17.54575704626727
            ],
            [
              77.4696330119022,
              17.54562664780454
            ],
            [
              77.46844123732694,
              17.54465797057415
            ],
            [
              77.46771835766555,
              17.544695227486358
            ],
            [
              77.46674149326071,
              17.546278639178922
            ],
            [
              77.46635074749923,
              17.546241382592243
            ],
            [
              77.46467054072161,
              17.54689337175479
            ],
            [
              77.46563256413543,
              17.545290583374708
            ],
            [
              77.46557395227171,
              17.54398659117146
            ],
            [
              77.46492922176265,
              17.543166934126475
            ],
            [
              77.4634834624419,
              17.542738475559943
            ],
            [
              77.46334670142585,
              17.54126680581149
            ],
            [
              77.46238937430758,
              17.540987373497003
            ],
            [
              77.46176418108917,
              17.540931486982984
            ],
            [
              77.46109991329348,
              17.541546237695243
            ],
            [
              77.46031842176848,
              17.54398659117146
            ],
            [
              77.4599862878706,
              17.54370716305006
            ],
            [
              77.45967369126146,
              17.54255218891001
            ],
            [
              77.45896201555718,
              17.541899965692522
            ],
            [
              77.45857126979564,
              17.540744980036678
            ],
            [
              77.45904016470945,
              17.539925308333565
            ],
            [
              77.45886432911635,
              17.538267324693393
            ],
            [
              77.46318205790413,
              17.531558963327228
            ]
          ]
        ],
        "type": "Polygon"
      }
    },
    {
      "type": "Feature",
      "properties": {
        "Name": "Amarja Dam"
      },
      "geometry": {
        "coordinates": [
          [
            76.52333377992653,
            17.51616809821367
          ],
          [
            76.52327868467609,
            17.515301176314907
          ],
          [
            76.52473870877645,
            17.513541049421846
          ],
          [
            76.52517947076933,
            17.513199530286855
          ],
          [
            76.52559268513704,
            17.512227510771496
          ],
          [
            76.5271628997337,
            17.510808878356713
          ],
          [
            76.52749347122881,
            17.510283456131106
          ],
          [
            76.52727309023157,
            17.50952159120439
          ],
          [
            76.531267495787,
            17.507288520421042
          ],
          [
            76.53206297439164,
            17.506007723588198
          ],
          [
            76.53520340358654,
            17.504378866686338
          ],
          [
            76.53732457067548,
            17.502723722939322
          ],
          [
            76.54378674269867,
            17.50131366531457
          ],
          [
            76.54408976656845,
            17.500893305684087
          ],
          [
            76.54632112415379,
            17.500394127360025
          ],
          [
            76.54981963750589,
            17.500341602741273
          ],
          [
            76.55039813762039,
            17.499106786953334
          ],
          [
            76.5499022803786,
            17.498134692026355
          ],
          [
            76.54797394666309,
            17.496663403328114
          ],
          [
            76.54629511574285,
            17.495035857259367
          ],
          [
            76.54420149627919,
            17.49409001405205
          ],
          [
            76.54345771041784,
            17.493801005424345
          ],
          [
            76.5430995912991,
            17.493170439549502
          ],
          [
            76.54059275746766,
            17.492566145200428
          ],
          [
            76.54221806731329,
            17.492408502866354
          ],
          [
            76.54329242466957,
            17.49183047980378
          ],
          [
            76.54398111528337,
            17.490516784191257
          ],
          [
            76.54355888180987,
            17.48925536617135
          ],
          [
            76.54223659583266,
            17.487967926331194
          ],
          [
            76.54157545284403,
            17.4876789079714
          ],
          [
            76.543641524684,
            17.48723224233042
          ],
          [
            76.54603816801608,
            17.485419294053827
          ],
          [
            76.54928170868169,
            17.484938769840696
          ],
          [
            76.55008058979183,
            17.484570922085652
          ],
          [
            76.55184363776203,
            17.484570922085652
          ],
          [
            76.55214666163181,
            17.485490540077947
          ],
          [
            76.55167835201377,
            17.486042308642084
          ],
          [
            76.55231194737871,
            17.48911641713842
          ],
          [
            76.55319347136299,
            17.492190473665985
          ],
          [
            76.55260346140147,
            17.49255093414773
          ],
          [
            76.55227288990642,
            17.49341796461576
          ],
          [
            76.55458689036584,
            17.494600272227117
          ],
          [
            76.55666736093178,
            17.496571975814945
          ],
          [
            76.55794574846567,
            17.498297574966315
          ],
          [
            76.55813858183768,
            17.503289354094278
          ],
          [
            76.55764292394713,
            17.504549039141622
          ],
          [
            76.55568704260651,
            17.504759214849088
          ],
          [
            76.55318020877507,
            17.505310924925638
          ],
          [
            76.54965411283621,
            17.504627855060434
          ],
          [
            76.54689935038397,
            17.50436513519746
          ],
          [
            76.54637594551832,
            17.50499566223006
          ],
          [
            76.5470646361307,
            17.506729600284828
          ],
          [
            76.54739520762575,
            17.507149946411516
          ],
          [
            76.54667896938827,
            17.507018588351613
          ],
          [
            76.54579744540388,
            17.505757546140927
          ],
          [
            76.54565970728083,
            17.5065194268564
          ],
          [
            76.54516385003899,
            17.506388068340556
          ],
          [
            76.54469554042231,
            17.505573643420846
          ],
          [
            76.54488837379432,
            17.504654127025745
          ],
          [
            76.54074413704029,
            17.5052546926522
          ],
          [
            76.53826485083255,
            17.505543683065397
          ],
          [
            76.53628142186818,
            17.507014899858376
          ],
          [
            76.53330155805082,
            17.508226263546078
          ],
          [
            76.53029886697908,
            17.510590678371827
          ],
          [
            76.52714345252542,
            17.513543869237083
          ],
          [
            76.52507738068692,
            17.515015021220876
          ],
          [
            76.52405811857949,
            17.51611837738571
          ],
          [
            76.52340125619315,
            17.51613661112593
          ]
        ],
        "type": "LineString"
      }
    },
    {
      "type": "Feature",
      "properties": {
        "Name": "Hattikuni Dam"
      },
      "geometry": {
        "coordinates": [
          [
            [
              77.16936820429498,
              16.87389096903766
            ],
            [
              77.16963415249836,
              16.873282094999226
            ],
            [
              77.16994462483302,
              16.873412078917582
            ],
            [
              77.17073050792516,
              16.873532778190082
            ],
            [
              77.17089544635212,
              16.873365656099793
            ],
            [
              77.17137085711363,
              16.87309640353277
            ],
            [
              77.17156490232048,
              16.872901427296284
            ],
            [
              77.17195897058008,
              16.873078675467738
            ],
            [
              77.17215301578898,
              16.873960708392104
            ],
            [
              77.17291949436179,
              16.87437851202347
            ],
            [
              77.17339490512137,
              16.874694185265653
            ],
            [
              77.17420019273476,
              16.874517779695836
            ],
            [
              77.1747144125369,
              16.873942139319908
            ],
            [
              77.1751995255591,
              16.873598611163573
            ],
            [
              77.17551970015234,
              16.873412920007283
            ],
            [
              77.17588838604678,
              16.87311581377911
            ],
            [
              77.17585927926683,
              16.87366360302454
            ],
            [
              77.17574102932235,
              16.874153062965732
            ],
            [
              77.17497455074943,
              16.87502580639014
            ],
            [
              77.17488723040566,
              16.875378616417038
            ],
            [
              77.17503276431131,
              16.87529505620695
            ],
            [
              77.17519770273827,
              16.87624206975623
            ],
            [
              77.17538204568655,
              16.87590783022212
            ],
            [
              77.17636197398951,
              16.875350763018062
            ],
            [
              77.17664333954014,
              16.875016521906645
            ],
            [
              77.17668214858276,
              16.874450167562472
            ],
            [
              77.17693440735349,
              16.87430161532255
            ],
            [
              77.17746803167483,
              16.874097355801354
            ],
            [
              77.17766207688379,
              16.874413029513434
            ],
            [
              77.1777785040095,
              16.87494224602399
            ],
            [
              77.17801135825897,
              16.87540646981182
            ],
            [
              77.17801135825897,
              16.87558287455259
            ],
            [
              77.17764267236248,
              16.87622350090831
            ],
            [
              77.1779626757127,
              16.87674669412037
            ],
            [
              77.1779432711914,
              16.877099500932545
            ],
            [
              77.17869034524296,
              16.877461591449432
            ],
            [
              77.17917545826515,
              16.8776565629785
            ],
            [
              77.17907843566076,
              16.877870102994123
            ],
            [
              77.17895230627437,
              16.87826004500745
            ],
            [
              77.17826344578663,
              16.87795366206494
            ],
            [
              77.17775893002039,
              16.87771226963163
            ],
            [
              77.17673049041616,
              16.878399310356116
            ],
            [
              77.1764006135623,
              16.878464300565156
            ],
            [
              77.17699245144752,
              16.879132769992708
            ],
            [
              77.17667227667175,
              16.879504140840865
            ],
            [
              77.17651704050547,
              16.879754815773097
            ],
            [
              77.17609984330778,
              16.87968982600823
            ],
            [
              77.17609984330778,
              16.879420582456163
            ],
            [
              77.17521693760915,
              16.878919231372464
            ],
            [
              77.17445045903628,
              16.877981515586
            ],
            [
              77.17388772793299,
              16.878055790273407
            ],
            [
              77.17403326183864,
              16.87868712393852
            ],
            [
              77.17378266451487,
              16.87969493567749
            ],
            [
              77.17368564191042,
              16.88040982184519
            ],
            [
              77.17328784923404,
              16.880883316389244
            ],
            [
              77.17317456538541,
              16.881666457153713
            ],
            [
              77.1736402738843,
              16.882734132140968
            ],
            [
              77.1742622622341,
              16.88345672903752
            ],
            [
              77.17477648203413,
              16.883029661401054
            ],
            [
              77.17505784758686,
              16.883187490857196
            ],
            [
              77.1754944493058,
              16.88276042261269
            ],
            [
              77.17551162908967,
              16.882943984459857
            ],
            [
              77.17546311778847,
              16.88338033636191
            ],
            [
              77.17570567429857,
              16.883436040787814
            ],
            [
              77.1760355511525,
              16.883213222987436
            ],
            [
              77.17613257375689,
              16.883306063769112
            ],
            [
              77.17627810766254,
              16.883575301780255
            ],
            [
              77.17617138279945,
              16.883714562669
            ],
            [
              77.17576388786046,
              16.88456869387585
            ],
            [
              77.1755407358716,
              16.885135017871306
            ],
            [
              77.17551457097318,
              16.885850459038494
            ],
            [
              77.1759608749528,
              16.886203248839223
            ],
            [
              77.17740651175473,
              16.886426063111173
            ],
            [
              77.17865888077966,
              16.88651362894045
            ],
            [
              77.17943506161322,
              16.886114420036236
            ],
            [
              77.17960970230081,
              16.885770914023652
            ],
            [
              77.1800463040197,
              16.8860958521592
            ],
            [
              77.18068665320618,
              16.886476493264126
            ],
            [
              77.18141432273649,
              16.886272246913208
            ],
            [
              77.18221961035192,
              16.88575234611382
            ],
            [
              77.18265621207092,
              16.885483111208714
            ],
            [
              77.18288906632034,
              16.886235111189393
            ],
            [
              77.18359733132928,
              16.886253679051748
            ],
            [
              77.18418916921456,
              16.886504345021777
            ],
            [
              77.183878696882,
              16.88655076460951
            ],
            [
              77.18330626351803,
              16.88678286237557
            ],
            [
              77.1825688917271,
              16.887005675963266
            ],
            [
              77.18222878202175,
              16.88709411178509
            ],
            [
              77.18192801194778,
              16.887279789487067
            ],
            [
              77.18168545543767,
              16.887261221724714
            ],
            [
              77.18148170797019,
              16.887614008889514
            ],
            [
              77.18102570172988,
              16.88760472502497
            ],
            [
              77.18102570172988,
              16.887354060516273
            ],
            [
              77.18062790905356,
              16.887428331516347
            ],
            [
              77.1803659480222,
              16.88746546700537
            ],
            [
              77.18002149908511,
              16.887862312920376
            ],
            [
              77.1794005544179,
              16.88809440907461
            ],
            [
              77.17908037982471,
              16.888586451975144
            ],
            [
              77.17895425043832,
              16.888428627033406
            ],
            [
              77.17851764872137,
              16.88801085449218
            ],
            [
              77.17800342891923,
              16.887918016023633
            ],
            [
              77.17708171418013,
              16.88776947437978
            ],
            [
              77.17670332602296,
              16.88762093261903
            ],
            [
              77.17636068264494,
              16.887840021522337
            ],
            [
              77.17598229448782,
              16.887802886106954
            ],
            [
              77.17577854702029,
              16.88800713080147
            ],
            [
              77.175215815917,
              16.887840021522337
            ],
            [
              77.1748568322812,
              16.88796999541897
            ],
            [
              77.17437171926099,
              16.88798856311159
            ],
            [
              77.17417767405209,
              16.88784930537527
            ],
            [
              77.1741485672701,
              16.888146388421347
            ],
            [
              77.1741485672701,
              16.888517741570126
            ],
            [
              77.1742941011778,
              16.888944796789275
            ],
            [
              77.17489564132171,
              16.889557526502045
            ],
            [
              77.1750508774901,
              16.890151686747274
            ],
            [
              77.17450398418487,
              16.889675536226775
            ],
            [
              77.1736889943088,
              16.889164928589835
            ],
            [
              77.173338286226,
              16.888513469253937
            ],
            [
              77.17303751615196,
              16.888169967607666
            ],
            [
              77.17270763929804,
              16.88798429078247
            ],
            [
              77.17232925114303,
              16.887603652718482
            ],
            [
              77.17205758785099,
              16.887650072035783
            ],
            [
              77.17145604770502,
              16.88769649134167
            ],
            [
              77.17056343974787,
              16.88772434291934
            ],
            [
              77.17024326515258,
              16.88772434291934
            ],
            [
              77.16908869616401,
              16.88784503304292
            ],
            [
              77.1688267351326,
              16.88772434291934
            ],
            [
              77.1687782238314,
              16.88785431689564
            ],
            [
              77.16765276162272,
              16.888244238286603
            ],
            [
              77.16749752545644,
              16.888207102950787
            ],
            [
              77.16736169381142,
              16.88830922510742
            ],
            [
              77.16719675538451,
              16.888216386785686
            ],
            [
              77.16757514353958,
              16.887937871547408
            ],
            [
              77.16793412717539,
              16.887937871547408
            ],
            [
              77.16859388088312,
              16.887492246310998
            ],
            [
              77.16903048260212,
              16.887306568819056
            ],
            [
              77.1691857187684,
              16.88685165819045
            ],
            [
              77.16965142726934,
              16.886675263978006
            ],
            [
              77.17037909679959,
              16.88690736159198
            ],
            [
              77.17176652003764,
              16.88656385702251
            ],
            [
              77.17232925114303,
              16.88609966066626
            ],
            [
              77.17253142639885,
              16.885655256679357
            ],
            [
              77.17241499927314,
              16.88501466232418
            ],
            [
              77.17222095406623,
              16.884828982393955
            ],
            [
              77.1711165383374,
              16.883555297600765
            ],
            [
              77.17098070669033,
              16.88359243385179
            ],
            [
              77.1700201829106,
              16.882868275637406
            ],
            [
              77.16862145172462,
              16.881377936962707
            ],
            [
              77.16740866917422,
              16.880997285578047
            ],
            [
              77.16672951094517,
              16.881257242704166
            ],
            [
              77.16655487025758,
              16.881303663582088
            ],
            [
              77.16808750591997,
              16.87777186640544
            ],
            [
              77.16972718792874,
              16.874058090663212
            ],
            [
              77.16936820429498,
              16.87389096903766
            ]
          ]
        ],
        "type": "Polygon"
      }
    },
    {
      "type": "Feature",
      "properties": {
        "Name": "Soudagar Dam"
      },
      "geometry": {
        "coordinates": [
          [
            [
              77.14056517434022,
              16.896722659579652
            ],
            [
              77.14169622434252,
              16.89666347659869
            ],
            [
              77.1417685808022,
              16.896548088448583
            ],
            [
              77.14184696696702,
              16.89630000368848
            ],
            [
              77.1417022540466,
              16.896213462416938
            ],
            [
              77.14161940425885,
              16.896337140627764
            ],
            [
              77.14139587195268,
              16.89618266958088
            ],
            [
              77.14138345349198,
              16.89555290169683
            ],
            [
              77.14209130579258,
              16.894875601814746
            ],
            [
              77.14170633348789,
              16.894744894539784
            ],
            [
              77.14140829041474,
              16.894614187174255
            ],
            [
              77.14224032732915,
              16.893485347068093
            ],
            [
              77.14204163194705,
              16.89299816135798
            ],
            [
              77.14225274579115,
              16.892261439112545
            ],
            [
              77.14249106505582,
              16.89173125699645
            ],
            [
              77.1424538751316,
              16.89161026665147
            ],
            [
              77.14249850304088,
              16.891510627485886
            ],
            [
              77.14238693326871,
              16.891304231903035
            ],
            [
              77.142535692965,
              16.89121882676868
            ],
            [
              77.14266957668957,
              16.890265133472823
            ],
            [
              77.14284065033974,
              16.89003738510705
            ],
            [
              77.14268445265975,
              16.88997333082952
            ],
            [
              77.1425803208727,
              16.88975981641444
            ],
            [
              77.14217123171073,
              16.889766933565127
            ],
            [
              77.1420522239548,
              16.889631707649144
            ],
            [
              77.1421117278328,
              16.889368372692957
            ],
            [
              77.142535692965,
              16.888891521971004
            ],
            [
              77.14246875110194,
              16.888464490451298
            ],
            [
              77.14196296813793,
              16.888656654754456
            ],
            [
              77.14183652239694,
              16.8889626937968
            ],
            [
              77.14176958053395,
              16.889368372692957
            ],
            [
              77.14156131695967,
              16.889539184598064
            ],
            [
              77.14143487121862,
              16.88966729342617
            ],
            [
              77.1418216464267,
              16.88960323902299
            ],
            [
              77.1418216464267,
              16.889987565115177
            ],
            [
              77.14153156502067,
              16.890101439362113
            ],
            [
              77.14175157431174,
              16.890485452984436
            ],
            [
              77.14170279954419,
              16.890715695031005
            ],
            [
              77.14141340259266,
              16.891005052881255
            ],
            [
              77.14115327050212,
              16.891151287324746
            ],
            [
              77.14103738311724,
              16.891391286061392
            ],
            [
              77.14096909844324,
              16.891310390528645
            ],
            [
              77.1408325290954,
              16.89123571769872
            ],
            [
              77.14064068167738,
              16.891223272224835
            ],
            [
              77.14064718498003,
              16.891030367263696
            ],
            [
              77.14052037058536,
              16.890927691961735
            ],
            [
              77.14042607270238,
              16.890510767436552
            ],
            [
              77.14044119940468,
              16.89028724001608
            ],
            [
              77.1403599081255,
              16.890178341538885
            ],
            [
              77.13989492201307,
              16.89016278460828
            ],
            [
              77.13980484295178,
              16.890273739606712
            ],
            [
              77.13938863160553,
              16.889919041451066
            ],
            [
              77.139596737278,
              16.889604790773674
            ],
            [
              77.13959023397541,
              16.889452332336916
            ],
            [
              77.13936261839649,
              16.889411884159244
            ],
            [
              77.13913500281626,
              16.889446109540614
            ],
            [
              77.13926181721092,
              16.88967946425035
            ],
            [
              77.13914475776943,
              16.88977280605262
            ],
            [
              77.1391154929085,
              16.88991281867017
            ],
            [
              77.13917727428111,
              16.89001549452439
            ],
            [
              77.13935226986325,
              16.89028011178958
            ],
            [
              77.13929276598537,
              16.89101317491756
            ],
            [
              77.1387682040554,
              16.891759603592604
            ],
            [
              77.13855250249753,
              16.891752486516353
            ],
            [
              77.1384402930803,
              16.89163105964738
            ],
            [
              77.13838822718748,
              16.891396195840585
            ],
            [
              77.13822459152243,
              16.89143178128485
            ],
            [
              77.13805351787215,
              16.89144601546056
            ],
            [
              77.13792707213122,
              16.89129655656197
            ],
            [
              77.13753285893802,
              16.89156700591083
            ],
            [
              77.13719071163916,
              16.891823220725882
            ],
            [
              77.13722790156322,
              16.89212213757021
            ],
            [
              77.13698245939383,
              16.89258474391349
            ],
            [
              77.13683369969903,
              16.89266303138841
            ],
            [
              77.13661056015599,
              16.892655914347003
            ],
            [
              77.13637254464277,
              16.89291924471506
            ],
            [
              77.13643204852065,
              16.893111404482283
            ],
            [
              77.1366923779878,
              16.893232393864636
            ],
            [
              77.13676675783597,
              16.893360500184457
            ],
            [
              77.136484114415,
              16.89353130847637
            ],
            [
              77.13654361829293,
              16.893645180585324
            ],
            [
              77.13604803026328,
              16.89397517811338
            ],
            [
              77.1359736504167,
              16.89370473221655
            ],
            [
              77.13563150311631,
              16.893854189207403
            ],
            [
              77.13549018140662,
              16.89401788006151
            ],
            [
              77.1353711736507,
              16.894516068743982
            ],
            [
              77.13520753798565,
              16.895135244273476
            ],
            [
              77.13478357285351,
              16.895896756217766
            ],
            [
              77.13447861547871,
              16.89593234081238
            ],
            [
              77.13435960772131,
              16.895804236239
            ],
            [
              77.13446373950842,
              16.895711716214862
            ],
            [
              77.13512787538696,
              16.894016316873063
            ],
            [
              77.13512787538696,
              16.893774339036298
            ],
            [
              77.1353361389597,
              16.8934896588311
            ],
            [
              77.13547745755318,
              16.893418489417968
            ],
            [
              77.13558158934035,
              16.893254798043785
            ],
            [
              77.13551464747735,
              16.893112457602527
            ],
            [
              77.1353212598732,
              16.893112457602527
            ],
            [
              77.13531382188813,
              16.892870478606483
            ],
            [
              77.13549233352347,
              16.892728137875977
            ],
            [
              77.13531382188813,
              16.89250039248317
            ],
            [
              77.13550098187983,
              16.892158173343788
            ],
            [
              77.13546379195577,
              16.891218718988597
            ],
            [
              77.1358654431325,
              16.89064223331839
            ],
            [
              77.13602322012031,
              16.890183261153297
            ],
            [
              77.13590421236302,
              16.890140558337237
            ],
            [
              77.13561413095692,
              16.890154792610346
            ],
            [
              77.13553231312517,
              16.890033801254532
            ],
            [
              77.13539099141389,
              16.89004091839557
            ],
            [
              77.1353835534303,
              16.890211729691913
            ],
            [
              77.1349595882981,
              16.89035407232153
            ],
            [
              77.13480339061817,
              16.890325603804314
            ],
            [
              77.13542829546009,
              16.889569180543646
            ],
            [
              77.13536135359698,
              16.889362782837978
            ],
            [
              77.13542829546009,
              16.889220439460644
            ],
            [
              77.13544317142879,
              16.88900692419371
            ],
            [
              77.13551755127696,
              16.88881476024723
            ],
            [
              77.13553242724578,
              16.88853007255844
            ],
            [
              77.13566631097183,
              16.888416197363327
            ],
            [
              77.13582250865176,
              16.888231150023884
            ],
            [
              77.13597870633168,
              16.888188446766094
            ],
            [
              77.13621343883943,
              16.887911526926644
            ],
            [
              77.13619856286925,
              16.887555665545875
            ],
            [
              77.13643657838247,
              16.887356382880313
            ],
            [
              77.13668946986445,
              16.887292327692762
            ],
            [
              77.13667459389421,
              16.886986285941717
            ],
            [
              77.13713197211428,
              16.886253297951
            ],
            [
              77.13702040234193,
              16.88610383493912
            ],
            [
              77.13668569302826,
              16.88600419286618
            ],
            [
              77.13624685192735,
              16.88584761235886
            ],
            [
              77.13607577827713,
              16.88587608155153
            ],
            [
              77.13595677052126,
              16.88583337776089
            ],
            [
              77.13586751470439,
              16.885683914417257
            ],
            [
              77.13565925113011,
              16.885790673960628
            ],
            [
              77.1354509875573,
              16.885968606398478
            ],
            [
              77.13501214645487,
              16.886039779327206
            ],
            [
              77.13493032862317,
              16.88596148910456
            ],
            [
              77.13493776660829,
              16.88584761235886
            ],
            [
              77.134855948775,
              16.885648327889143
            ],
            [
              77.13466999915602,
              16.885655445195553
            ],
            [
              77.13452867744633,
              16.885584272122642
            ],
            [
              77.13453611542997,
              16.885356518108154
            ],
            [
              77.13502702242516,
              16.885043355888996
            ],
            [
              77.13524272398303,
              16.88534228347241
            ],
            [
              77.1352650379369,
              16.88520705438613
            ],
            [
              77.13555511934294,
              16.8852639929612
            ],
            [
              77.13597164649002,
              16.88490100925469
            ],
            [
              77.13677634674468,
              16.884639665608304
            ],
            [
              77.13680603448461,
              16.88449289225764
            ],
            [
              77.13690994073698,
              16.884246691694983
            ],
            [
              77.13712270115775,
              16.884156733717617
            ],
            [
              77.13740968033278,
              16.883763758890012
            ],
            [
              77.13772139908991,
              16.883583842431108
            ],
            [
              77.13779561784224,
              16.883626454239618
            ],
            [
              77.13782035742429,
              16.883777962814335
            ],
            [
              77.13757296158542,
              16.883995756176517
            ],
            [
              77.13737009699867,
              16.88447868838803
            ],
            [
              77.13743441991693,
              16.884634930897604
            ],
            [
              77.13779066149976,
              16.88451657213089
            ],
            [
              77.13867139068691,
              16.885307252435695
            ],
            [
              77.13887425527565,
              16.885250437194102
            ],
            [
              77.13904248444629,
              16.885383006063208
            ],
            [
              77.13925769233896,
              16.88533846067608
            ],
            [
              77.13938633817543,
              16.885196422565528
            ],
            [
              77.13958920276417,
              16.885196422565528
            ],
            [
              77.13972774443266,
              16.88509699582464
            ],
            [
              77.13979206735081,
              16.884846061435468
            ],
            [
              77.14037619136968,
              16.88425766736306
            ],
            [
              77.14098100381636,
              16.883400898215243
            ],
            [
              77.14146369661626,
              16.883001653876065
            ],
            [
              77.14151344728072,
              16.8831154952331
            ],
            [
              77.141491816557,
              16.88332868886222
            ],
            [
              77.14153291493335,
              16.88345494905326
            ],
            [
              77.1416051639809,
              16.883312489243693
            ],
            [
              77.14189934182184,
              16.88305996858577
            ],
            [
              77.14194044021258,
              16.882886101707328
            ],
            [
              77.14206705993115,
              16.882738985678117
            ],
            [
              77.14212113674148,
              16.88261479485564
            ],
            [
              77.1421512364015,
              16.882292181651252
            ],
            [
              77.14495061450043,
              16.884337749543604
            ],
            [
              77.14585713361032,
              16.885411565748086
            ],
            [
              77.1457085816109,
              16.885522699263234
            ],
            [
              77.14566266553891,
              16.8858819443671
            ],
            [
              77.14558974110867,
              16.88602667749886
            ],
            [
              77.14535205790912,
              16.886277373124372
            ],
            [
              77.14504955201915,
              16.886781347859497
            ],
            [
              77.1450413674342,
              16.88695304923013
            ],
            [
              77.14493603056178,
              16.88728903133361
            ],
            [
              77.14496033907142,
              16.887454437687282
            ],
            [
              77.1453533260609,
              16.88809538793018
            ],
            [
              77.14486894311511,
              16.88900744480648
            ],
            [
              77.14499318660597,
              16.88917801855341
            ],
            [
              77.14503370078683,
              16.889418372208738
            ],
            [
              77.14498238282374,
              16.889552763366282
            ],
            [
              77.14483383082427,
              16.88966389444296
            ],
            [
              77.1445640427209,
              16.88972562781443
            ],
            [
              77.14418247123342,
              16.890273416591214
            ],
            [
              77.14404654920958,
              16.890971003113876
            ],
            [
              77.14354868684717,
              16.891936481607104
            ],
            [
              77.14308940418579,
              16.893632474151133
            ],
            [
              77.14281756013804,
              16.894164522428966
            ],
            [
              77.14277431222189,
              16.894578336718
            ],
            [
              77.14287584874353,
              16.895386642508498
            ],
            [
              77.14277081808899,
              16.89590686266955
            ],
            [
              77.14287584874353,
              16.896492108636608
            ],
            [
              77.14264725261194,
              16.896533489595384
            ],
            [
              77.14218388207723,
              16.896503931768052
            ],
            [
              77.14200471213724,
              16.89661625148692
            ],
            [
              77.14178229427966,
              16.8971837606192
            ],
            [
              77.14067020499476,
              16.896870448497253
            ],
            [
              77.14056517434022,
              16.896722659579652
            ]
          ]
        ],
        "type": "Polygon"
      }
    }
  ]
}